; gfx/quest_convert.py 가 생성한 파일입니다. 직접 고치지 마세요.

PaletteData:
    db 0x76, 0x07, 0x75, 0x07, 0x75, 0x06, 0x65, 0x06, 0x55, 0x05, 0x53, 0x05, 0x44, 0x04, 0x33, 0x03
    db 0x22, 0x02, 0x00, 0x00, 0x11, 0x01, 0x66, 0x06, 0x77, 0x07, 0x74, 0x06, 0x55, 0x04, 0x52, 0x05

; 스캔라인 런: 줄마다 (면번호, 바이트폭, 픽셀들) 이 이어지고
; 폭 0 이면 줄 끝. 뷰포트 위에서 아래로 96 줄이 연속으로 들어 있다.
RunData:
    db 0x00, 0x30, 0xAA, 0xAA, 0xAA, 0xAA, 0xAA, 0xAA, 0xAA, 0xAA, 0xAA, 0xAA, 0xAA, 0xAA, 0xAA, 0xAA
    db 0xAA, 0xAA, 0xAA, 0xAA, 0xAA, 0xAA, 0xAA, 0xAA, 0xAA, 0xAA, 0xAA, 0xAA, 0xAA, 0xAA, 0xAA, 0xAA
    db 0xAA, 0xAA, 0xAA, 0xAA, 0xAA, 0xAA, 0xAA, 0xAA, 0xAA, 0xAA, 0xAA, 0xAA, 0xAA, 0xAA, 0xAA, 0xAA
    db 0xAA, 0xAA, 0x00, 0x00, 0x02, 0x01, 0x9A, 0x8A, 0x00, 0x2F, 0xA8, 0x88, 0x88, 0x88, 0x88, 0x88
    db 0x88, 0x88, 0x88, 0x88, 0x88, 0x8A, 0x88, 0x88, 0x88, 0x88, 0x88, 0x88, 0x88, 0x88, 0x88, 0x88
    db 0x88, 0xAA, 0x88, 0x88, 0x88, 0x88, 0x88, 0x88, 0x88, 0x88, 0x88, 0x88, 0x88, 0xA8, 0x88, 0x88
    db 0x88, 0x88, 0x88, 0x88, 0x88, 0x88, 0x88, 0x88, 0x86, 0x00, 0x00, 0x02, 0x01, 0x94, 0x88, 0x00
    db 0x2E, 0xAA, 0x88, 0x88, 0x88, 0x88, 0x88, 0x88, 0x88, 0x88, 0x88, 0x88, 0x8A, 0xA8, 0x88, 0x88
    db 0x88, 0x88, 0x88, 0x88, 0x88, 0x88, 0x88, 0x88, 0xAA, 0x88, 0x88, 0x88, 0x88, 0x88, 0x88, 0x88
    db 0x88, 0x88, 0x88, 0x8A, 0xA8, 0x88, 0x88, 0x88, 0x88, 0x88, 0x88, 0x88, 0x88, 0x88, 0x88, 0x03
    db 0x01, 0x67, 0xAA, 0x00, 0x00, 0x02, 0x02, 0x94, 0x4A, 0x88, 0x8A, 0x00, 0x2D, 0xA8, 0x88, 0x88
    db 0x88, 0x88, 0x88, 0x88, 0x88, 0x88, 0x88, 0x88, 0xA8, 0x88, 0x88, 0x88, 0x88, 0x88, 0x88, 0x88
    db 0x88, 0x88, 0x88, 0xAA, 0x88, 0x88, 0x88, 0x88, 0x88, 0x88, 0x88, 0x88, 0x88, 0x88, 0x8A, 0x88
    db 0x88, 0x88, 0x88, 0x88, 0x88, 0x88, 0x88, 0x88, 0x88, 0x86, 0x03, 0x01, 0x77, 0xA8, 0x00, 0x00
    db 0x02, 0x02, 0x94, 0x44, 0x88, 0x88, 0x00, 0x2C, 0xAA, 0x88, 0x88, 0x88, 0x88, 0x88, 0x88, 0x88
    db 0x88, 0x88, 0x88, 0xAA, 0x88, 0x88, 0x88, 0x88, 0x88, 0x88, 0x88, 0x88, 0x88, 0x88, 0xAA, 0x88
    db 0x88, 0x88, 0x88, 0x88, 0x88, 0x88, 0x88, 0x88, 0x88, 0xAA, 0x88, 0x88, 0x88, 0x88, 0x88, 0x88
    db 0x88, 0x88, 0x88, 0x88, 0x03, 0x02, 0x67, 0x77, 0xAA, 0x88, 0x00, 0x00, 0x02, 0x03, 0x94, 0x44
    db 0x4A, 0x88, 0x88, 0x8A, 0x00, 0x2B, 0xA8, 0x88, 0x88, 0x88, 0x88, 0x88, 0x88, 0x88, 0x88, 0x88
    db 0x8A, 0x88, 0x88, 0x88, 0x88, 0x88, 0x88, 0x88, 0x88, 0x88, 0x88, 0xAA, 0x88, 0x88, 0x88, 0x88
    db 0x88, 0x88, 0x88, 0x88, 0x88, 0x88, 0xA8, 0x88, 0x88, 0x88, 0x88, 0x88, 0x88, 0x88, 0x88, 0x88
    db 0x86, 0x03, 0x02, 0x77, 0x77, 0xA8, 0x88, 0x00, 0x00, 0x02, 0x03, 0x94, 0x44, 0x44, 0xAA, 0xAA
    db 0xAA, 0x00, 0x2A, 0xAA, 0xAA, 0xAA, 0xAA, 0xAA, 0xAA, 0xAA, 0xAA, 0xAA, 0xAA, 0xAA, 0xAA, 0xAA
    db 0xAA, 0xAA, 0xAA, 0xAA, 0xAA, 0xAA, 0xAA, 0xAA, 0xAA, 0xAA, 0xAA, 0xAA, 0xAA, 0xAA, 0xAA, 0xAA
    db 0xAA, 0xAA, 0xAA, 0xAA, 0xAA, 0xAA, 0xAA, 0xAA, 0xAA, 0xAA, 0xAA, 0xAA, 0xAA, 0x03, 0x03, 0x67
    db 0x77, 0x77, 0xAA, 0xAA, 0xAA, 0x00, 0x00, 0x02, 0x04, 0x94, 0x44, 0x44, 0x48, 0x88, 0x88, 0x88
    db 0x88, 0x00, 0x29, 0x88, 0x88, 0x88, 0x88, 0x8A, 0xA8, 0x88, 0x88, 0x88, 0x88, 0x88, 0x88, 0x88
    db 0x88, 0x88, 0xAA, 0x88, 0x88, 0x88, 0x88, 0x88, 0x88, 0x88, 0x88, 0x88, 0xAA, 0x88, 0x88, 0x88
    db 0x88, 0x88, 0x88, 0x88, 0x88, 0x88, 0x8A, 0xA8, 0x88, 0x88, 0x88, 0x86, 0x03, 0x03, 0x77, 0x77
    db 0x77, 0x88, 0x88, 0x88, 0x00, 0x00, 0x02, 0x04, 0x94, 0x44, 0x44, 0x44, 0x88, 0x88, 0x88, 0x88
    db 0x00, 0x28, 0x88, 0x88, 0x88, 0x88, 0x88, 0xAA, 0x88, 0x88, 0x88, 0x88, 0x88, 0x88, 0x88, 0x88
    db 0x88, 0xAA, 0x88, 0x88, 0x88, 0x88, 0x88, 0x88, 0x88, 0x88, 0x88, 0xAA, 0x88, 0x88, 0x88, 0x88
    db 0x88, 0x88, 0x88, 0x88, 0x88, 0xAA, 0x88, 0x88, 0x88, 0x88, 0x03, 0x04, 0x67, 0x77, 0x77, 0x77
    db 0x88, 0x88, 0x88, 0x88, 0x00, 0x00, 0x02, 0x05, 0x94, 0x44, 0x44, 0x44, 0x48, 0xA8, 0x88, 0x88
    db 0x88, 0x88, 0x00, 0x27, 0x88, 0x88, 0x88, 0x88, 0x8A, 0x88, 0x88, 0x88, 0x88, 0x88, 0x88, 0x88
    db 0x88, 0x88, 0x8A, 0x88, 0x88, 0x88, 0x88, 0x88, 0x88, 0x88, 0x88, 0x88, 0xA8, 0x88, 0x88, 0x88
    db 0x88, 0x88, 0x88, 0x88, 0x88, 0x8A, 0xA8, 0x88, 0x88, 0x88, 0x86, 0x03, 0x04, 0x77, 0x77, 0x77
    db 0x77, 0x88, 0x88, 0x88, 0x88, 0x00, 0x00, 0x02, 0x05, 0x94, 0x44, 0x44, 0x44, 0x44, 0x8A, 0x88
    db 0x88, 0x88, 0x88, 0x00, 0x26, 0x88, 0x88, 0x88, 0x88, 0x88, 0xA8, 0x88, 0x88, 0x88, 0x88, 0x88
    db 0x88, 0x88, 0x88, 0x8A, 0x88, 0x88, 0x88, 0x88, 0x88, 0x88, 0x88, 0x88, 0x88, 0xA8, 0x88, 0x88
    db 0x88, 0x88, 0x88, 0x88, 0x88, 0x88, 0x8A, 0x88, 0x88, 0x88, 0x88, 0x03, 0x05, 0x67, 0x77, 0x77
    db 0x77, 0x77, 0x88, 0x88, 0x88, 0x88, 0x88, 0x00, 0x00, 0x02, 0x06, 0x97, 0x44, 0x44, 0x44, 0x44
    db 0x48, 0x88, 0xAA, 0x88, 0x88, 0x88, 0x88, 0x00, 0x25, 0x88, 0x88, 0x88, 0x88, 0xAA, 0x88, 0x88
    db 0x88, 0x88, 0x88, 0x88, 0x88, 0x88, 0x8A, 0x88, 0x88, 0x88, 0x88, 0x88, 0x88, 0x88, 0x88, 0x8A
    db 0xA8, 0x88, 0x88, 0x88, 0x88, 0x88, 0x88, 0x88, 0x88, 0xA8, 0x88, 0x88, 0x88, 0x86, 0x03, 0x05
    db 0x77, 0x77, 0x77, 0x77, 0x78, 0x88, 0x88, 0x88, 0x88, 0xAA, 0x00, 0x00, 0x02, 0x06, 0xB9, 0x74
    db 0x44, 0x44, 0x44, 0x44, 0xAA, 0xAA, 0xAA, 0xAA, 0xAA, 0xAA, 0x00, 0x24, 0xAA, 0xAA, 0xAA, 0xAA
    db 0xAA, 0xAA, 0xAA, 0xAA, 0xAA, 0xAA, 0xAA, 0xAA, 0xAA, 0xAA, 0xAA, 0xAA, 0xAA, 0xAA, 0xAA, 0xAA
    db 0xAA, 0xAA, 0xAA, 0xAA, 0xAA, 0xAA, 0xAA, 0xAA, 0xAA, 0xAA, 0xAA, 0xAA, 0xAA, 0xAA, 0xAA, 0xAA
    db 0x03, 0x06, 0x97, 0x77, 0x77, 0x77, 0x77, 0x89, 0xAA, 0xAA, 0xAA, 0xAA, 0xAA, 0xAA, 0x00, 0x00
    db 0x02, 0x06, 0x4B, 0x97, 0x44, 0x44, 0x44, 0x44, 0x66, 0x66, 0x66, 0x66, 0x66, 0x66, 0x06, 0x01
    db 0x9A, 0x8A, 0x04, 0x23, 0xA8, 0x88, 0x88, 0x88, 0x88, 0x88, 0x88, 0x88, 0x8A, 0x88, 0x88, 0x88
    db 0x88, 0x88, 0x88, 0x88, 0x88, 0xA8, 0x88, 0x88, 0x88, 0x88, 0x88, 0x88, 0x88, 0x88, 0xA8, 0x88
    db 0x88, 0x88, 0x88, 0x88, 0x88, 0x88, 0x86, 0x03, 0x06, 0x97, 0x77, 0x77, 0x77, 0x78, 0x96, 0x96
    db 0x66, 0x66, 0x66, 0x66, 0x66, 0x00, 0x00, 0x02, 0x06, 0x44, 0xB9, 0x77, 0x44, 0x44, 0x44, 0x66
    db 0x66, 0x66, 0x66, 0x66, 0x66, 0x06, 0x01, 0x94, 0x88, 0x04, 0x22, 0xAA, 0x88, 0x88, 0x88, 0x88
    db 0x88, 0x88, 0x88, 0x8A, 0xA8, 0x88, 0x88, 0x88, 0x88, 0x88, 0x88, 0x88, 0xA8, 0x88, 0x88, 0x88
    db 0x88, 0x88, 0x88, 0x88, 0x8A, 0xA8, 0x88, 0x88, 0x88, 0x88, 0x88, 0x88, 0x88, 0x07, 0x01, 0x67
    db 0xAA, 0x03, 0x06, 0x97, 0x77, 0x77, 0x78, 0x89, 0x67, 0x96, 0x66, 0x66, 0x66, 0x66, 0x66, 0x00
    db 0x00, 0x02, 0x06, 0x44, 0x4B, 0xB9, 0x74, 0x44, 0x44, 0x66, 0x66, 0x66, 0x66, 0x66, 0x66, 0x06
    db 0x02, 0x94, 0x4A, 0x88, 0x8A, 0x04, 0x21, 0xA8, 0x88, 0x88, 0x88, 0x88, 0x88, 0x88, 0x88, 0xA8
    db 0x88, 0x88, 0x88, 0x88, 0x88, 0x88, 0x88, 0xA8, 0x88, 0x88, 0x88, 0x88, 0x88, 0x88, 0x88, 0x8A
    db 0x88, 0x88, 0x88, 0x88, 0x88, 0x88, 0x88, 0x86, 0x07, 0x01, 0x77, 0xA8, 0x03, 0x06, 0x97, 0x77
    db 0x77, 0x89, 0x66, 0x77, 0x96, 0x66, 0x66, 0x66, 0x66, 0x66, 0x00, 0x00, 0x02, 0x06, 0x44, 0x44
    db 0x4B, 0x97, 0x44, 0x44, 0x66, 0x66, 0x66, 0x66, 0x66, 0x66, 0x06, 0x02, 0x94, 0x46, 0xAA, 0xAA
    db 0x04, 0x20, 0xAA, 0xAA, 0xAA, 0xAA, 0xAA, 0xAA, 0xAA, 0xAA, 0xAA, 0xAA, 0xAA, 0xAA, 0xAA, 0xAA
    db 0xAA, 0xAA, 0xAA, 0xAA, 0xAA, 0xAA, 0xAA, 0xAA, 0xAA, 0xAA, 0xAA, 0xAA, 0xAA, 0xAA, 0xAA, 0xAA
    db 0xAA, 0xAA, 0x07, 0x02, 0x67, 0x77, 0xAA, 0xAA, 0x03, 0x06, 0x97, 0x77, 0x78, 0x96, 0x77, 0x77
    db 0x96, 0x66, 0x66, 0x66, 0x66, 0x66, 0x00, 0x00, 0x02, 0x06, 0x44, 0x44, 0x44, 0xB9, 0x74, 0x44
    db 0x66, 0x66, 0x66, 0x66, 0x66, 0x66, 0x06, 0x03, 0x94, 0x46, 0x68, 0x88, 0x88, 0x88, 0x04, 0x1F
    db 0x88, 0x88, 0x88, 0x8A, 0x88, 0x88, 0x88, 0x88, 0x88, 0x88, 0x88, 0xAA, 0x88, 0x88, 0x88, 0x88
    db 0x88, 0x88, 0x88, 0xA8, 0x88, 0x88, 0x88, 0x88, 0x88, 0x88, 0x8A, 0xA8, 0x88, 0x88, 0x86, 0x07
    db 0x02, 0x77, 0x77, 0x88, 0x88, 0x03, 0x06, 0x97, 0x77, 0x89, 0x67, 0x77, 0x77, 0x96, 0x66, 0x66
    db 0x66, 0x66, 0x66, 0x00, 0x00, 0x02, 0x06, 0x44, 0x44, 0x44, 0x49, 0xB9, 0x74, 0x66, 0x66, 0x66
    db 0x66, 0x66, 0x66, 0x06, 0x03, 0x94, 0x46, 0x66, 0x88, 0x88, 0x88, 0x04, 0x1E, 0x88, 0x88, 0x88
    db 0x88, 0xA8, 0x88, 0x88, 0x88, 0x88, 0x88, 0x88, 0x8A, 0x88, 0x88, 0x88, 0x88, 0x88, 0x88, 0x88
    db 0xA8, 0x88, 0x88, 0x88, 0x88, 0x88, 0x88, 0x8A, 0x88, 0x88, 0x88, 0x07, 0x03, 0x67, 0x77, 0x77
    db 0x88, 0x88, 0x88, 0x03, 0x06, 0x97, 0x89, 0x69, 0x77, 0x77, 0x77, 0x96, 0x66, 0x66, 0x66, 0x66
    db 0x66, 0x00, 0x00, 0x02, 0x06, 0x44, 0x44, 0x44, 0x49, 0x4B, 0x97, 0x66, 0x66, 0x66, 0x66, 0x66
    db 0x66, 0x06, 0x04, 0x94, 0x46, 0x66, 0x6A, 0xAA, 0xAA, 0xAA, 0xAA, 0x04, 0x1D, 0xAA, 0xAA, 0xAA
    db 0xAA, 0xAA, 0xAA, 0xAA, 0xAA, 0xAA, 0xAA, 0xAA, 0xAA, 0xAA, 0xAA, 0xAA, 0xAA, 0xAA, 0xAA, 0xAA
    db 0xAA, 0xAA, 0xAA, 0xAA, 0xAA, 0xAA, 0xAA, 0xAA, 0xAA, 0xA6, 0x07, 0x03, 0x77, 0x77, 0x77, 0xAA
    db 0xAA, 0xAA, 0x03, 0x06, 0x98, 0x96, 0x79, 0x77, 0x77, 0x77, 0x96, 0x66, 0x66, 0x66, 0x66, 0x66
    db 0x00, 0x00, 0x02, 0x06, 0x44, 0x44, 0x44, 0x49, 0x44, 0xB9, 0x77, 0x77, 0x77, 0x77, 0x77, 0x77
    db 0x06, 0x04, 0x94, 0x46, 0x66, 0x66, 0x88, 0x88, 0x88, 0x88, 0x04, 0x1C, 0xAA, 0x88, 0x88, 0x88
    db 0x88, 0x88, 0x88, 0xA8, 0x88, 0x88, 0x88, 0x88, 0x88, 0x88, 0xA8, 0x88, 0x88, 0x88, 0x88, 0x88
    db 0x88, 0xA8, 0x88, 0x88, 0x88, 0x88, 0x88, 0x88, 0x07, 0x04, 0x67, 0x77, 0x77, 0x77, 0xAA, 0x88
    db 0x88, 0x88, 0x03, 0x06, 0x99, 0x67, 0x79, 0x77, 0x77, 0x77, 0x97, 0x77, 0x77, 0x77, 0x77, 0x77
    db 0x00, 0x00, 0x02, 0x06, 0x44, 0x44, 0x44, 0x49, 0x44, 0x4B, 0x44, 0x49, 0x44, 0x44, 0x44, 0x44
    db 0x06, 0x05, 0xB7, 0x46, 0x66, 0x66, 0x6A, 0x88, 0x88, 0x88, 0x88, 0x8A, 0x04, 0x1B, 0xA8, 0x88
    db 0x88, 0x88, 0x88, 0x88, 0x8A, 0x88, 0x88, 0x88, 0x88, 0x88, 0x88, 0xA8, 0x88, 0x88, 0x88, 0x88
    db 0x88, 0x88, 0xA8, 0x88, 0x88, 0x88, 0x88, 0x88, 0x86, 0x07, 0x04, 0x77, 0x77, 0x77, 0x78, 0xA8
    db 0x88, 0x88, 0x88, 0x03, 0x06, 0x66, 0x77, 0x79, 0x77, 0x77, 0x77, 0x44, 0x44, 0x44, 0x44, 0x49
    db 0x44, 0x00, 0x00, 0x02, 0x06, 0x74, 0x44, 0x44, 0x49, 0x44, 0x44, 0x66, 0x69, 0x66, 0x66, 0x66
    db 0x66, 0x06, 0x05, 0x4B, 0x97, 0x66, 0x66, 0x66, 0x88, 0x8A, 0xAA, 0x88, 0x88, 0x04, 0x1A, 0x88
    db 0x88, 0x88, 0xAA, 0x88, 0x88, 0x88, 0x88, 0x88, 0x8A, 0xA8, 0x88, 0x88, 0x88, 0x88, 0x88, 0xAA
    db 0x88, 0x88, 0x88, 0x88, 0x88, 0x8A, 0xA8, 0x88, 0x88, 0x07, 0x05, 0x67, 0x77, 0x77, 0x78, 0x96
    db 0x88, 0x88, 0x88, 0xAA, 0xA8, 0x03, 0x06, 0x77, 0x77, 0x79, 0x77, 0x77, 0x77, 0x66, 0x66, 0x66
    db 0x66, 0x69, 0x66, 0x00, 0x00, 0x02, 0x06, 0x97, 0x44, 0x44, 0x49, 0x44, 0x44, 0x66, 0x69, 0x66
    db 0x66, 0x66, 0x66, 0x06, 0x06, 0x44, 0xB9, 0x76, 0x66, 0x66, 0x68, 0x88, 0x88, 0x8A, 0x88, 0x88
    db 0x88, 0x04, 0x19, 0x88, 0x88, 0x8A, 0xA8, 0x88, 0x88, 0x88, 0x88, 0x88, 0xA8, 0x88, 0x88, 0x88
    db 0x88, 0x88, 0xAA, 0x88, 0x88, 0x88, 0x88, 0x88, 0x8A, 0x88, 0x88, 0x86, 0x07, 0x05, 0x77, 0x77
    db 0x77, 0x89, 0x67, 0x88, 0x88, 0x8A, 0xA8, 0x88, 0x03, 0x06, 0x77, 0x77, 0x79, 0x77, 0x77, 0x78
    db 0x66, 0x66, 0x66, 0x66, 0x69, 0x66, 0x00, 0x00, 0x02, 0x06, 0x99, 0x77, 0x44, 0x49, 0x44, 0x44
    db 0x66, 0x69, 0x66, 0x66, 0x66, 0x66, 0x06, 0x06, 0x44, 0x46, 0x97, 0x66, 0x66, 0x66, 0xAA, 0x88
    db 0x88, 0xAA, 0x88, 0x88, 0x04, 0x18, 0xAA, 0x88, 0x88, 0xAA, 0x88, 0x88, 0xAA, 0x88, 0x88, 0xA8
    db 0x88, 0x88, 0xA8, 0x88, 0x88, 0xA8, 0x88, 0x88, 0xAA, 0x88, 0x88, 0xAA, 0x88, 0x88, 0x07, 0x06
    db 0x97, 0x77, 0x77, 0x78, 0x97, 0x77, 0xAA, 0x88, 0x88, 0xAA, 0x88, 0x8A, 0x03, 0x06, 0x77, 0x77
    db 0x79, 0x77, 0x78, 0x89, 0x66, 0x66, 0x66, 0x66, 0x69, 0x66, 0x00, 0x00, 0x02, 0x06, 0x9B, 0xB9
    db 0x77, 0x49, 0x44, 0x44, 0x66, 0x69, 0x66, 0x66, 0x66, 0x66, 0x06, 0x07, 0x44, 0x46, 0x94, 0x96
    db 0x66, 0x66, 0x9A, 0x88, 0x88, 0x88, 0x88, 0x88, 0x88, 0x8A, 0x04, 0x17, 0xA8, 0x88, 0x88, 0x88
    db 0x88, 0x8A, 0x88, 0x88, 0x88, 0x88, 0x88, 0xA8, 0x88, 0x88, 0x88, 0x88, 0x88, 0xA8, 0x88, 0x88
    db 0x88, 0x88, 0x87, 0x07, 0x06, 0x97, 0x77, 0x77, 0x96, 0x97, 0x77, 0xA8, 0x88, 0x88, 0x88, 0x88
    db 0x88, 0x03, 0x06, 0x77, 0x77, 0x79, 0x78, 0x89, 0x66, 0x66, 0x66, 0x66, 0x66, 0x69, 0x66, 0x00
    db 0x00, 0x02, 0x06, 0x94, 0x4B, 0xB9, 0x79, 0x44, 0x44, 0x66, 0x69, 0x66, 0x66, 0x66, 0x66, 0x06
    db 0x07, 0x44, 0x46, 0x96, 0x49, 0x76, 0x66, 0x96, 0x88, 0x88, 0x88, 0x88, 0xAA, 0x88, 0x88, 0x04
    db 0x16, 0xAA, 0x88, 0x8A, 0xA8, 0x88, 0x8A, 0x88, 0x88, 0xAA, 0x88, 0x88, 0xA8, 0x88, 0x8A, 0xA8
    db 0x88, 0x8A, 0x88, 0x88, 0xAA, 0x88, 0x88, 0x07, 0x07, 0x77, 0x97, 0x77, 0x89, 0x67, 0x97, 0x77
    db 0xAA, 0x88, 0x8A, 0xA8, 0x88, 0x88, 0x88, 0x03, 0x06, 0x77, 0x77, 0x79, 0x89, 0x66, 0x77, 0x66
    db 0x66, 0x66, 0x66, 0x69, 0x66, 0x00, 0x00, 0x02, 0x06, 0x94, 0x44, 0x4B, 0xB9, 0x77, 0x44, 0x66
    db 0x69, 0x66, 0x66, 0x66, 0x66, 0x06, 0x08, 0x44, 0x46, 0x96, 0x66, 0x97, 0x66, 0x96, 0x6A, 0xAA
    db 0x88, 0xAA, 0x88, 0x8A, 0xAA, 0x88, 0x8A, 0x04, 0x15, 0xA8, 0x88, 0xAA, 0x88, 0x8A, 0xA8, 0x88
    db 0x8A, 0x88, 0x88, 0xA8, 0x88, 0x8A, 0xA8, 0x88, 0xAA, 0x88, 0x8A, 0xAA, 0x88, 0x87, 0x07, 0x07
    db 0x77, 0x97, 0x78, 0x97, 0x77, 0x97, 0x77, 0xA8, 0x88, 0xAA, 0x88, 0x8A, 0xA8, 0x88, 0x03, 0x06
    db 0x77, 0x78, 0x89, 0x66, 0x77, 0x77, 0x66, 0x66, 0x66, 0x66, 0x69, 0x66, 0x00, 0x00, 0x02, 0x06
    db 0x94, 0x44, 0x44, 0x4B, 0xB9, 0x77, 0x66, 0x69, 0x66, 0x66, 0x66, 0x66, 0x06, 0x08, 0x44, 0x46
    db 0x96, 0x66, 0x64, 0x96, 0x96, 0x66, 0x88, 0x88, 0x88, 0xAA, 0x88, 0x88, 0x88, 0x88, 0x04, 0x14
    db 0xAA, 0x88, 0x88, 0x88, 0x88, 0xA8, 0x88, 0x88, 0x88, 0x88, 0xA8, 0x88, 0x88, 0x88, 0x88, 0xA8
    db 0x88, 0x88, 0x88, 0x88, 0x07, 0x08, 0x77, 0x77, 0x97, 0x96, 0x77, 0x77, 0x97, 0x77, 0xAA, 0x88
    db 0x88, 0x88, 0x88, 0xAA, 0x88, 0x88, 0x03, 0x06, 0x78, 0x89, 0x66, 0x77, 0x77, 0x77, 0x66, 0x66
    db 0x66, 0x66, 0x69, 0x66, 0x00, 0x00, 0x02, 0x06, 0x94, 0x44, 0x44, 0x44, 0x4B, 0xB9, 0x77, 0x79
    db 0x77, 0x77, 0x77, 0x77, 0x06, 0x09, 0x74, 0x46, 0x96, 0x66, 0x66, 0x99, 0x96, 0x66, 0x6A, 0x88
    db 0xAA, 0xA8, 0x8A, 0xA8, 0x88, 0xAA, 0x88, 0x8A, 0x04, 0x13, 0xA8, 0x8A, 0xA8, 0x88, 0xAA, 0x88
    db 0x8A, 0xA8, 0x88, 0xA8, 0x88, 0x8A, 0x88, 0x8A, 0xA8, 0x88, 0xAA, 0x88, 0x87, 0x07, 0x08, 0x77
    db 0x77, 0x99, 0x97, 0x77, 0x77, 0x97, 0x77, 0xA8, 0x8A, 0xAA, 0x88, 0xAA, 0x88, 0xAA, 0xA8, 0x03
    db 0x06, 0x89, 0x66, 0x77, 0x77, 0x77, 0x77, 0x77, 0x77, 0x77, 0x77, 0x79, 0x77, 0x00, 0x00, 0x02
    db 0x06, 0x94, 0x44, 0x44, 0x44, 0x44, 0x4B, 0x44, 0x44, 0x44, 0x44, 0x44, 0x44, 0x06, 0x09, 0x99
    db 0x76, 0x96, 0x66, 0x66, 0x96, 0x47, 0x66, 0x66, 0xAA, 0x88, 0xAA, 0xA8, 0xAA, 0xA8, 0x8A, 0xA8
    db 0x88, 0x04, 0x12, 0xAA, 0x88, 0xAA, 0x88, 0x8A, 0xA8, 0x8A, 0xA8, 0x88, 0xA8, 0x88, 0xAA, 0x88
    db 0x8A, 0xA8, 0x8A, 0xA8, 0x88, 0x07, 0x09, 0x97, 0x77, 0x78, 0x77, 0x97, 0x77, 0x77, 0x97, 0x89
    db 0xAA, 0x88, 0xAA, 0x88, 0xAA, 0xA8, 0x8A, 0xAA, 0x8A, 0x03, 0x06, 0x96, 0x77, 0x77, 0x77, 0x77
    db 0x77, 0x94, 0x44, 0x44, 0x44, 0x44, 0x44, 0x00, 0x00, 0x02, 0x06, 0x94, 0x44, 0x44, 0x44, 0x44
    db 0x44, 0x66, 0x66, 0x66, 0x66, 0x66, 0x66, 0x06, 0x09, 0x9B, 0xB9, 0x96, 0x66, 0x66, 0x96, 0x64
    db 0x76, 0x66, 0x97, 0x77, 0x77, 0x77, 0x79, 0x77, 0x77, 0x77, 0x77, 0x0A, 0x01, 0x9A, 0xAA, 0x08
    db 0x11, 0xAA, 0xAA, 0xAA, 0xAA, 0xAA, 0xAA, 0xAA, 0xAA, 0xAA, 0xAA, 0xAA, 0xAA, 0xAA, 0xAA, 0xAA
    db 0xAA, 0xA7, 0x07, 0x09, 0x97, 0x77, 0x87, 0x77, 0x97, 0x77, 0x77, 0x99, 0x66, 0x97, 0x77, 0x77
    db 0x77, 0x79, 0x77, 0x77, 0x77, 0x77, 0x03, 0x06, 0x97, 0x77, 0x77, 0x77, 0x77, 0x77, 0x96, 0x66
    db 0x66, 0x66, 0x66, 0x66, 0x00, 0x00, 0x02, 0x06, 0x94, 0x44, 0x44, 0x44, 0x44, 0x44, 0x66, 0x66
    db 0x66, 0x66, 0x66, 0x66, 0x06, 0x09, 0x94, 0x4B, 0x49, 0x76, 0x66, 0x96, 0x66, 0x69, 0x66, 0x97
    db 0x77, 0x77, 0x77, 0x79, 0x77, 0x77, 0x77, 0x77, 0x0A, 0x01, 0x96, 0xAA, 0x08, 0x10, 0xAA, 0xAA
    db 0xAA, 0xAA, 0xAA, 0xAA, 0xAA, 0xAA, 0xAA, 0xAA, 0xAA, 0xAA, 0xAA, 0xAA, 0xAA, 0xAA, 0x0B, 0x01
    db 0x98, 0xAA, 0x07, 0x09, 0x97, 0x79, 0x77, 0x77, 0x97, 0x77, 0x89, 0x66, 0x77, 0x97, 0x77, 0x77
    db 0x77, 0x79, 0x77, 0x77, 0x77, 0x77, 0x03, 0x06, 0x97, 0x77, 0x77, 0x77, 0x77, 0x77, 0x96, 0x66
    db 0x66, 0x66, 0x66, 0x66, 0x00, 0x00, 0x02, 0x06, 0x94, 0x44, 0x44, 0x44, 0x44, 0x44, 0x66, 0x66
    db 0x66, 0x66, 0x66, 0x66, 0x06, 0x09, 0x94, 0x46, 0x64, 0x49, 0x76, 0x96, 0x66, 0x66, 0x47, 0x97
    db 0x77, 0x77, 0x77, 0x79, 0x77, 0x77, 0x77, 0x77, 0x0A, 0x02, 0x96, 0x9A, 0xAA, 0xAA, 0x08, 0x0F
    db 0xAA, 0xAA, 0xAA, 0xAA, 0xAA, 0xAA, 0xAA, 0xAA, 0xAA, 0xAA, 0xAA, 0xAA, 0xAA, 0xAA, 0xA7, 0x0B
    db 0x01, 0x98, 0xAA, 0x07, 0x09, 0x98, 0x77, 0x77, 0x77, 0x97, 0x89, 0x66, 0x77, 0x77, 0x97, 0x77
    db 0x77, 0x77, 0x79, 0x77, 0x77, 0x77, 0x77, 0x03, 0x06, 0x97, 0x77, 0x77, 0x77, 0x77, 0x77, 0x96
    db 0x66, 0x66, 0x66, 0x66, 0x66, 0x00, 0x00, 0x02, 0x06, 0x94, 0x44, 0x44, 0x44, 0x44, 0x44, 0x66
    db 0x66, 0x66, 0x66, 0x66, 0x66, 0x06, 0x09, 0x94, 0x46, 0x66, 0x64, 0x49, 0x96, 0x66, 0x66, 0x64
    db 0x98, 0x88, 0x88, 0x88, 0x89, 0x88, 0x88, 0x88, 0x88, 0x0A, 0x02, 0x96, 0x97, 0xAA, 0xAA, 0x08
    db 0x0E, 0xAA, 0xAA, 0xAA, 0xAA, 0xAA, 0xAA, 0xAA, 0xAA, 0xAA, 0xAA, 0xAA, 0xAA, 0xAA, 0xAA, 0x0B
    db 0x02, 0x78, 0x98, 0xAA, 0xAA, 0x07, 0x09, 0x97, 0x77, 0x77, 0x77, 0x99, 0x66, 0x77, 0x77, 0x77
    db 0x98, 0x88, 0x88, 0x88, 0x89, 0x88, 0x88, 0x88, 0x88, 0x03, 0x06, 0x97, 0x77, 0x77, 0x77, 0x77
    db 0x77, 0x96, 0x66, 0x66, 0x66, 0x66, 0x66, 0x00, 0x00, 0x02, 0x06, 0x97, 0x77, 0x44, 0x44, 0x44
    db 0x44, 0x66, 0x66, 0x66, 0x66, 0x66, 0x66, 0x06, 0x09, 0x94, 0x46, 0x66, 0x66, 0x64, 0x49, 0x76
    db 0x66, 0x66, 0x77, 0x77, 0x77, 0x77, 0x77, 0x77, 0x77, 0x77, 0x77, 0x0A, 0x03, 0x69, 0x97, 0x7A
    db 0xAA, 0xAA, 0xAA, 0x08, 0x0D, 0xAA, 0xAA, 0xAA, 0xAA, 0xAA, 0xAA, 0xAA, 0xAA, 0xAA, 0xAA, 0xAA
    db 0xAA, 0xA7, 0x0B, 0x02, 0x88, 0x99, 0xAA, 0xAA, 0x07, 0x09, 0x77, 0x77, 0x77, 0x89, 0x66, 0x77
    db 0x77, 0x77, 0x77, 0x77, 0x77, 0x77, 0x77, 0x77, 0x77, 0x77, 0x77, 0x77, 0x03, 0x06, 0x97, 0x77
    db 0x77, 0x77, 0x78, 0x88, 0x96, 0x66, 0x66, 0x66, 0x66, 0x66, 0x00, 0x00, 0x02, 0x06, 0xB9, 0x99
    db 0x77, 0x74, 0x44, 0x44, 0x66, 0x66, 0x66, 0x66, 0x66, 0x66, 0x06, 0x09, 0x94, 0x46, 0x66, 0x66
    db 0x66, 0x64, 0x97, 0x66, 0x66, 0x77, 0x77, 0x77, 0x77, 0x77, 0x77, 0x77, 0x77, 0x77, 0x0A, 0x03
    db 0x66, 0x67, 0x77, 0xAA, 0xAA, 0xAA, 0x08, 0x0C, 0xAA, 0xAA, 0xAA, 0xAA, 0xAA, 0xAA, 0xAA, 0xAA
    db 0xAA, 0xAA, 0xAA, 0xAA, 0x0B, 0x03, 0x98, 0x88, 0x78, 0xAA, 0xAA, 0xAA, 0x07, 0x09, 0x77, 0x77
    db 0x78, 0x96, 0x77, 0x77, 0x77, 0x77, 0x77, 0x77, 0x77, 0x77, 0x77, 0x77, 0x77, 0x77, 0x77, 0x77
    db 0x03, 0x06, 0x97, 0x77, 0x77, 0x88, 0x89, 0x99, 0x96, 0x66, 0x66, 0x66, 0x66, 0x66, 0x00, 0x00
    db 0x02, 0x06, 0x4B, 0xBB, 0xB9, 0x99, 0x77, 0x74, 0x66, 0x66, 0x66, 0x66, 0x66, 0x66, 0x06, 0x09
    db 0x94, 0x46, 0x66, 0x66, 0x66, 0x66, 0x96, 0x47, 0x66, 0x77, 0x77, 0x77, 0x77, 0x77, 0x77, 0x77
    db 0x77, 0x77, 0x0A, 0x03, 0x66, 0x76, 0x87, 0x98, 0x88, 0x88, 0x0E, 0x01, 0x9A, 0xAA, 0x0C, 0x0B
    db 0xAA, 0xAA, 0xAA, 0xAA, 0xAA, 0xAA, 0xAA, 0xAA, 0xAA, 0xAA, 0xA8, 0x0B, 0x03, 0x98, 0x87, 0x88
    db 0x98, 0x88, 0x88, 0x07, 0x09, 0x77, 0x78, 0x77, 0x97, 0x77, 0x77, 0x77, 0x77, 0x77, 0x77, 0x77
    db 0x77, 0x77, 0x77, 0x77, 0x77, 0x77, 0x77, 0x03, 0x06, 0x97, 0x88, 0x89, 0x99, 0x66, 0x66, 0x96
    db 0x66, 0x66, 0x66, 0x66, 0x66, 0x00, 0x00, 0x02, 0x06, 0x44, 0x44, 0x4B, 0xB9, 0xB9, 0x99, 0x77
    db 0x77, 0x77, 0x77, 0x77, 0x77, 0x06, 0x09, 0x97, 0x46, 0x66, 0x66, 0x66, 0x66, 0x96, 0x66, 0x47
    db 0x77, 0x77, 0x77, 0x77, 0x77, 0x77, 0x77, 0x77, 0x77, 0x0A, 0x03, 0x66, 0x77, 0x79, 0x98, 0x88
    db 0x88, 0x0E, 0x01, 0x97, 0xAA, 0x0C, 0x0A, 0xAA, 0xAA, 0xAA, 0xAA, 0xAA, 0xAA, 0xAA, 0xAA, 0xAA
    db 0xAA, 0x0F, 0x01, 0x88, 0xAA, 0x0B, 0x03, 0x99, 0x88, 0x88, 0x98, 0x88, 0x88, 0x07, 0x09, 0x78
    db 0x77, 0x77, 0x97, 0x77, 0x77, 0x77, 0x77, 0x78, 0x77, 0x77, 0x77, 0x77, 0x77, 0x77, 0x77, 0x77
    db 0x77, 0x03, 0x06, 0x99, 0x99, 0x69, 0x66, 0x77, 0x77, 0x97, 0x77, 0x77, 0x77, 0x77, 0x77, 0x00
    db 0x00, 0x02, 0x06, 0x44, 0x44, 0x44, 0x49, 0x4B, 0xBB, 0x44, 0x49, 0x44, 0x44, 0x44, 0x44, 0x06
    db 0x09, 0xB9, 0x97, 0x77, 0x66, 0x66, 0x66, 0x96, 0x66, 0x66, 0x96, 0x66, 0x66, 0x66, 0x69, 0x66
    db 0x66, 0x66, 0x66, 0x0A, 0x03, 0x97, 0x77, 0x77, 0x77, 0x79, 0x77, 0x0E, 0x02, 0x77, 0x8A, 0xAA
    db 0xAA, 0x0C, 0x09, 0xAA, 0xAA, 0xAA, 0xAA, 0xAA, 0xAA, 0xAA, 0xAA, 0xA9, 0x0F, 0x01, 0x88, 0xAA
    db 0x0B, 0x03, 0x88, 0x88, 0x88, 0x77, 0x79, 0x77, 0x07, 0x09, 0x97, 0x77, 0x77, 0x97, 0x77, 0x77
    db 0x78, 0x88, 0x99, 0x96, 0x66, 0x66, 0x66, 0x69, 0x66, 0x66, 0x66, 0x66, 0x03, 0x06, 0x66, 0x66
    db 0x79, 0x77, 0x77, 0x77, 0x44, 0x44, 0x44, 0x44, 0x49, 0x44, 0x00, 0x00, 0x02, 0x06, 0x44, 0x44
    db 0x44, 0x49, 0x44, 0x44, 0x66, 0x69, 0x66, 0x66, 0x66, 0x66, 0x06, 0x09, 0x44, 0xBB, 0x99, 0x97
    db 0x76, 0x66, 0x96, 0x66, 0x66, 0x97, 0x77, 0x77, 0x77, 0x79, 0x77, 0x77, 0x77, 0x77, 0x0A, 0x03
    db 0x96, 0x98, 0x77, 0x88, 0x89, 0x88, 0x0E, 0x02, 0x77, 0x89, 0x88, 0x89, 0x10, 0x08, 0xAA, 0xAA
    db 0xAA, 0xAA, 0xAA, 0xAA, 0xAA, 0xAA, 0x13, 0x01, 0x99, 0xAA, 0x0F, 0x01, 0x88, 0x88, 0x0B, 0x03
    db 0x88, 0x88, 0x98, 0x88, 0x89, 0x88, 0x07, 0x09, 0x97, 0x77, 0x77, 0x97, 0x77, 0x88, 0x99, 0x96
    db 0x67, 0x97, 0x77, 0x77, 0x77, 0x79, 0x77, 0x77, 0x77, 0x77, 0x03, 0x06, 0x77, 0x77, 0x79, 0x77
    db 0x77, 0x77, 0x66, 0x66, 0x66, 0x66, 0x69, 0x66, 0x00, 0x00, 0x02, 0x06, 0x44, 0x44, 0x44, 0x49
    db 0x44, 0x44, 0x66, 0x69, 0x66, 0x66, 0x66, 0x66, 0x06, 0x09, 0x44, 0x46, 0x96, 0x44, 0x49, 0x97
    db 0x96, 0x66, 0x66, 0x97, 0x77, 0x77, 0x77, 0x79, 0x77, 0x77, 0x77, 0x77, 0x0A, 0x03, 0x96, 0x97
    db 0x68, 0x88, 0x89, 0x88, 0x0E, 0x02, 0x77, 0x89, 0xAA, 0xA9, 0x12, 0x01, 0x99, 0x99, 0x10, 0x07
    db 0x99, 0x99, 0x99, 0x99, 0x99, 0x99, 0x9A, 0x13, 0x01, 0x99, 0x99, 0x0F, 0x01, 0x88, 0xAA, 0x0B
    db 0x03, 0x8A, 0x78, 0x98, 0x88, 0x89, 0x88, 0x07, 0x09, 0x97, 0x77, 0x77, 0x98, 0x99, 0x66, 0x67
    db 0x97, 0x77, 0x97, 0x77, 0x77, 0x77, 0x79, 0x77, 0x77, 0x77, 0x77, 0x03, 0x06, 0x77, 0x77, 0x79
    db 0x77, 0x77, 0x77, 0x66, 0x66, 0x66, 0x66, 0x69, 0x66, 0x00, 0x00, 0x02, 0x06, 0x44, 0x44, 0x44
    db 0x49, 0x44, 0x44, 0x66, 0x69, 0x66, 0x66, 0x66, 0x66, 0x06, 0x09, 0x44, 0x46, 0x96, 0x66, 0x66
    db 0x94, 0x49, 0x77, 0x66, 0x97, 0x77, 0x77, 0x77, 0x79, 0x77, 0x77, 0x77, 0x77, 0x0A, 0x03, 0x96
    db 0x97, 0x77, 0x97, 0x77, 0x77, 0x0E, 0x02, 0x97, 0x88, 0x88, 0x88, 0x12, 0x01, 0x89, 0xAA, 0x14
    db 0x07, 0x99, 0x99, 0x99, 0x99, 0x99, 0x99, 0x9A, 0x13, 0x01, 0xAA, 0xAA, 0x0F, 0x01, 0x88, 0x88
    db 0x0B, 0x03, 0x98, 0x88, 0x98, 0x97, 0x77, 0x77, 0x07, 0x09, 0x97, 0x78, 0x89, 0x76, 0x97, 0x77
    db 0x77, 0x97, 0x77, 0x97, 0x77, 0x77, 0x77, 0x79, 0x77, 0x77, 0x77, 0x77, 0x03, 0x06, 0x77, 0x77
    db 0x79, 0x77, 0x77, 0x77, 0x66, 0x66, 0x66, 0x66, 0x69, 0x66, 0x00, 0x00, 0x02, 0x06, 0x44, 0x44
    db 0x44, 0x49, 0x44, 0x44, 0x66, 0x69, 0x66, 0x66, 0x66, 0x66, 0x06, 0x09, 0x44, 0x46, 0x96, 0x66
    db 0x66, 0x96, 0x66, 0x64, 0x49, 0x98, 0x88, 0x88, 0x88, 0x89, 0x88, 0x88, 0x88, 0x88, 0x0A, 0x03
    db 0x96, 0x97, 0x77, 0x98, 0x88, 0x88, 0x0E, 0x02, 0x97, 0x78, 0x88, 0x88, 0x12, 0x01, 0xA9, 0xAA
    db 0x14, 0x07, 0x99, 0x99, 0x99, 0x99, 0x99, 0x99, 0x9A, 0x13, 0x01, 0xAA, 0xA9, 0x0F, 0x01, 0x88
    db 0x88, 0x0B, 0x03, 0x98, 0x88, 0x98, 0x98, 0x88, 0x88, 0x07, 0x09, 0x99, 0x77, 0x77, 0x77, 0x97
    db 0x77, 0x77, 0x97, 0x77, 0x98, 0x88, 0x88, 0x88, 0x89, 0x88, 0x88, 0x88, 0x88, 0x03, 0x06, 0x77
    db 0x77, 0x79, 0x77, 0x77, 0x77, 0x66, 0x66, 0x66, 0x66, 0x69, 0x66, 0x00, 0x00, 0x02, 0x06, 0x44
    db 0x44, 0x44, 0x49, 0x44, 0x44, 0x66, 0x69, 0x66, 0x66, 0x66, 0x66, 0x06, 0x09, 0x44, 0x46, 0x96
    db 0x66, 0x66, 0x96, 0x66, 0x66, 0x66, 0x77, 0x77, 0x77, 0x77, 0x77, 0x77, 0x77, 0x77, 0x77, 0x0A
    db 0x03, 0x66, 0x69, 0x87, 0x98, 0x88, 0x88, 0x0E, 0x02, 0x97, 0x89, 0x88, 0x89, 0x12, 0x01, 0x99
    db 0xAA, 0x14, 0x07, 0x99, 0x99, 0x99, 0x99, 0x99, 0x99, 0x9A, 0x13, 0x01, 0x99, 0xA9, 0x0F, 0x01
    db 0x88, 0x88, 0x0B, 0x03, 0x98, 0x89, 0x77, 0x98, 0x88, 0x88, 0x07, 0x09, 0x77, 0x77, 0x77, 0x77
    db 0x97, 0x77, 0x77, 0x97, 0x77, 0x77, 0x77, 0x77, 0x77, 0x77, 0x77, 0x77, 0x77, 0x77, 0x03, 0x06
    db 0x77, 0x77, 0x79, 0x77, 0x77, 0x77, 0x66, 0x66, 0x66, 0x66, 0x69, 0x66, 0x00, 0x00, 0x02, 0x06
    db 0x44, 0x44, 0x44, 0x49, 0x44, 0x44, 0x66, 0x69, 0x66, 0x66, 0x66, 0x66, 0x06, 0x09, 0x44, 0x46
    db 0x96, 0x66, 0x66, 0x96, 0x66, 0x66, 0x66, 0x77, 0x77, 0x77, 0x77, 0x77, 0x77, 0x77, 0x77, 0x77
    db 0x0A, 0x03, 0x66, 0x77, 0x76, 0x77, 0x79, 0x77, 0x0E, 0x02, 0x78, 0x89, 0x88, 0x89, 0x12, 0x01
    db 0x99, 0xAA, 0x14, 0x07, 0x99, 0x99, 0x99, 0x99, 0x99, 0x99, 0x9A, 0x13, 0x01, 0x99, 0xAA, 0x0F
    db 0x01, 0x8A, 0x88, 0x0B, 0x03, 0x87, 0x88, 0x88, 0x77, 0x79, 0x77, 0x07, 0x09, 0x77, 0x77, 0x77
    db 0x77, 0x97, 0x77, 0x77, 0x97, 0x77, 0x77, 0x77, 0x77, 0x77, 0x77, 0x77, 0x77, 0x77, 0x77, 0x03
    db 0x06, 0x77, 0x77, 0x79, 0x77, 0x77, 0x77, 0x66, 0x66, 0x66, 0x66, 0x69, 0x66, 0x00, 0x00, 0x02
    db 0x06, 0x74, 0x44, 0x44, 0x49, 0x44, 0x44, 0x66, 0x69, 0x66, 0x66, 0x66, 0x66, 0x06, 0x09, 0x44
    db 0x46, 0x96, 0x66, 0x66, 0x96, 0x66, 0x66, 0x66, 0x77, 0x77, 0x77, 0x77, 0x77, 0x77, 0x77, 0x77
    db 0x77, 0x0A, 0x03, 0x66, 0x77, 0x77, 0x88, 0x89, 0x88, 0x0E, 0x02, 0x77, 0x88, 0x88, 0x88, 0x12
    db 0x01, 0x89, 0xAA, 0x14, 0x07, 0x99, 0x99, 0x99, 0x99, 0x99, 0x99, 0x99, 0x13, 0x01, 0xAA, 0xAA
    db 0x0F, 0x01, 0x88, 0x88, 0x0B, 0x03, 0x88, 0x88, 0x88, 0x88, 0x89, 0x88, 0x07, 0x09, 0x77, 0x77
    db 0x77, 0x77, 0x97, 0x77, 0x77, 0x97, 0x77, 0x77, 0x77, 0x77, 0x77, 0x77, 0x77, 0x77, 0x77, 0x77
    db 0x03, 0x06, 0x77, 0x77, 0x79, 0x77, 0x77, 0x77, 0x66, 0x66, 0x66, 0x66, 0x69, 0x66, 0x00, 0x00
    db 0x02, 0x06, 0x97, 0x77, 0x77, 0x79, 0x77, 0x77, 0x77, 0x79, 0x77, 0x77, 0x77, 0x77, 0x06, 0x09
    db 0x77, 0x77, 0x97, 0x77, 0x77, 0x97, 0x76, 0x66, 0x66, 0x77, 0x77, 0x77, 0x77, 0x77, 0x77, 0x77
    db 0x77, 0x77, 0x0A, 0x03, 0x66, 0x77, 0x77, 0x88, 0x89, 0x88, 0x0E, 0x02, 0x77, 0x88, 0x88, 0x88
    db 0x12, 0x01, 0xA9, 0xAA, 0x14, 0x07, 0x99, 0x99, 0x99, 0x99, 0x99, 0x99, 0x9A, 0x13, 0x01, 0xAA
    db 0xA9, 0x0F, 0x01, 0x88, 0x88, 0x0B, 0x03, 0x88, 0x88, 0x88, 0x88, 0x89, 0x88, 0x07, 0x09, 0x77
    db 0x77, 0x77, 0x88, 0x98, 0x88, 0x88, 0x98, 0x88, 0x77, 0x77, 0x77, 0x77, 0x77, 0x77, 0x77, 0x77
    db 0x77, 0x03, 0x06, 0x88, 0x88, 0x89, 0x88, 0x88, 0x88, 0x77, 0x77, 0x77, 0x77, 0x79, 0x77, 0x00
    db 0x00, 0x02, 0x06, 0x9B, 0xBB, 0xBB, 0xBB, 0xBB, 0xBB, 0x44, 0x44, 0x44, 0x44, 0x44, 0x44, 0x06
    db 0x09, 0x9B, 0xBB, 0x44, 0x44, 0x44, 0x44, 0x94, 0x44, 0x44, 0x96, 0x66, 0x66, 0x66, 0x69, 0x66
    db 0x66, 0x66, 0x66, 0x0A, 0x03, 0x96, 0x96, 0x66, 0x97, 0x77, 0x77, 0x0E, 0x02, 0x97, 0x79, 0x88
    db 0x89, 0x12, 0x01, 0x99, 0xAA, 0x14, 0x07, 0x99, 0x99, 0x99, 0x99, 0x99, 0x99, 0x9A, 0x13, 0x01
    db 0x99, 0xAA, 0x0F, 0x01, 0x88, 0x88, 0x0B, 0x03, 0x97, 0x77, 0x97, 0x97, 0x77, 0x77, 0x07, 0x09
    db 0x97, 0x77, 0x77, 0x96, 0x66, 0x66, 0x66, 0x66, 0x66, 0x96, 0x66, 0x66, 0x66, 0x69, 0x66, 0x66
    db 0x66, 0x66, 0x03, 0x06, 0x96, 0x66, 0x66, 0x66, 0x66, 0x66, 0x94, 0x44, 0x44, 0x44, 0x44, 0x44
    db 0x00, 0x00, 0x02, 0x06, 0x94, 0x44, 0x44, 0x44, 0x44, 0x44, 0x66, 0x66, 0x66, 0x66, 0x66, 0x66
    db 0x06, 0x09, 0x94, 0x46, 0x66, 0x66, 0x66, 0x66, 0x96, 0x66, 0x66, 0x97, 0x77, 0x77, 0x77, 0x79
    db 0x77, 0x77, 0x77, 0x77, 0x0A, 0x03, 0x96, 0x97, 0x77, 0x98, 0x88, 0x88, 0x0E, 0x02, 0x97, 0x89
    db 0x88, 0x89, 0x12, 0x01, 0x99, 0xAA, 0x14, 0x07, 0x99, 0x99, 0x99, 0x99, 0x99, 0x99, 0x9A, 0x13
    db 0x01, 0x99, 0xAA, 0x0F, 0x01, 0x88, 0x88, 0x0B, 0x03, 0x98, 0x88, 0x98, 0x98, 0x88, 0x88, 0x07
    db 0x09, 0x97, 0x77, 0x77, 0x97, 0x77, 0x77, 0x77, 0x77, 0x77, 0x97, 0x77, 0x77, 0x77, 0x79, 0x77
    db 0x77, 0x77, 0x77, 0x03, 0x06, 0x97, 0x77, 0x77, 0x77, 0x77, 0x77, 0x96, 0x66, 0x66, 0x66, 0x66
    db 0x66, 0x00, 0x00, 0x02, 0x06, 0x94, 0x44, 0x44, 0x44, 0x44, 0x44, 0x66, 0x66, 0x66, 0x66, 0x66
    db 0x66, 0x06, 0x09, 0x94, 0x46, 0x66, 0x66, 0x66, 0x66, 0x96, 0x66, 0x66, 0x97, 0x77, 0x77, 0x77
    db 0x79, 0x77, 0x77, 0x77, 0x77, 0x0A, 0x03, 0x96, 0x97, 0x77, 0x98, 0x88, 0x88, 0x0E, 0x02, 0x97
    db 0x89, 0xAA, 0xA9, 0x12, 0x01, 0x89, 0xAA, 0x14, 0x07, 0x99, 0x99, 0x99, 0x99, 0x99, 0x99, 0x9A
    db 0x13, 0x01, 0xA9, 0xA9, 0x0F, 0x01, 0x88, 0xAA, 0x0B, 0x03, 0x98, 0x88, 0x98, 0x98, 0x88, 0x88
    db 0x07, 0x09, 0x97, 0x77, 0x77, 0x97, 0x77, 0x77, 0x77, 0x77, 0x77, 0x97, 0x77, 0x77, 0x77, 0x79
    db 0x77, 0x77, 0x77, 0x77, 0x03, 0x06, 0x97, 0x77, 0x77, 0x77, 0x77, 0x77, 0x96, 0x66, 0x66, 0x66
    db 0x66, 0x66, 0x00, 0x00, 0x02, 0x06, 0x94, 0x44, 0x44, 0x44, 0x44, 0x44, 0x66, 0x66, 0x66, 0x66
    db 0x66, 0x66, 0x06, 0x09, 0x94, 0x46, 0x66, 0x66, 0x66, 0x66, 0x96, 0x66, 0x66, 0x97, 0x77, 0x77
    db 0x77, 0x79, 0x77, 0x77, 0x77, 0x77, 0x0A, 0x03, 0x96, 0x97, 0x89, 0x77, 0x79, 0x77, 0x0E, 0x02
    db 0x77, 0x88, 0x88, 0x88, 0x12, 0x01, 0xA9, 0xAA, 0x14, 0x07, 0x99, 0x99, 0x99, 0x99, 0x99, 0x99
    db 0x9A, 0x13, 0x01, 0xAA, 0xA9, 0x0F, 0x01, 0x88, 0x88, 0x0B, 0x03, 0x89, 0x88, 0x98, 0x77, 0x79
    db 0x77, 0x07, 0x09, 0x97, 0x77, 0x77, 0x97, 0x77, 0x77, 0x77, 0x77, 0x77, 0x97, 0x77, 0x77, 0x77
    db 0x79, 0x77, 0x77, 0x77, 0x77, 0x03, 0x06, 0x97, 0x77, 0x77, 0x77, 0x77, 0x77, 0x96, 0x66, 0x66
    db 0x66, 0x66, 0x66, 0x00, 0x00, 0x02, 0x06, 0x94, 0x44, 0x44, 0x44, 0x44, 0x44, 0x66, 0x66, 0x66
    db 0x66, 0x66, 0x66, 0x06, 0x09, 0x94, 0x46, 0x66, 0x66, 0x66, 0x66, 0x96, 0x66, 0x67, 0x98, 0x88
    db 0x88, 0x88, 0x89, 0x88, 0x88, 0x88, 0x88, 0x0A, 0x03, 0x99, 0x66, 0x77, 0x88, 0x89, 0x88, 0x0E
    db 0x02, 0x77, 0x88, 0x88, 0x88, 0x12, 0x01, 0x99, 0xAA, 0x14, 0x07, 0x99, 0x99, 0x99, 0x99, 0x99
    db 0x99, 0x9A, 0x13, 0x01, 0x9A, 0xAA, 0x0F, 0x01, 0x88, 0x88, 0x0B, 0x03, 0x88, 0x87, 0x79, 0x88
    db 0x89, 0x88, 0x07, 0x09, 0x98, 0x77, 0x77, 0x97, 0x77, 0x77, 0x77, 0x77, 0x77, 0x98, 0x88, 0x88
    db 0x88, 0x89, 0x88, 0x88, 0x88, 0x88, 0x03, 0x06, 0x97, 0x77, 0x77, 0x77, 0x77, 0x77, 0x96, 0x66
    db 0x66, 0x66, 0x66, 0x66, 0x00, 0x00, 0x02, 0x06, 0x94, 0x44, 0x44, 0x44, 0x44, 0x44, 0x66, 0x66
    db 0x66, 0x66, 0x66, 0x66, 0x06, 0x09, 0x94, 0x46, 0x66, 0x66, 0x66, 0x66, 0x97, 0x79, 0x44, 0x77
    db 0x77, 0x77, 0x77, 0x77, 0x77, 0x77, 0x77, 0x77, 0x0A, 0x03, 0x66, 0x77, 0x77, 0x88, 0x89, 0x88
    db 0x0E, 0x02, 0x77, 0x79, 0x88, 0x89, 0x12, 0x01, 0x99, 0xAA, 0x14, 0x07, 0x99, 0x99, 0x99, 0x99
    db 0x99, 0x99, 0x99, 0x13, 0x01, 0x99, 0xAA, 0x0F, 0x01, 0x88, 0x88, 0x0B, 0x03, 0x88, 0x88, 0x88
    db 0x88, 0x89, 0x88, 0x07, 0x09, 0x77, 0x79, 0x88, 0x97, 0x77, 0x77, 0x77, 0x77, 0x77, 0x77, 0x77
    db 0x77, 0x77, 0x77, 0x77, 0x77, 0x77, 0x77, 0x03, 0x06, 0x97, 0x77, 0x77, 0x77, 0x77, 0x77, 0x96
    db 0x66, 0x66, 0x66, 0x66, 0x66, 0x00, 0x00, 0x02, 0x06, 0x94, 0x44, 0x44, 0x44, 0x44, 0x44, 0x66
    db 0x66, 0x66, 0x66, 0x66, 0x66, 0x06, 0x09, 0x94, 0x46, 0x66, 0x66, 0x77, 0x99, 0x44, 0x66, 0x66
    db 0x77, 0x77, 0x77, 0x77, 0x77, 0x77, 0x77, 0x77, 0x77, 0x0A, 0x03, 0x66, 0x77, 0x78, 0x97, 0x77
    db 0x77, 0x0E, 0x02, 0x97, 0x89, 0x88, 0x89, 0x12, 0x01, 0x89, 0xAA, 0x14, 0x07, 0x99, 0x99, 0x99
    db 0x99, 0x99, 0x99, 0x9A, 0x13, 0x01, 0xA9, 0xA9, 0x0F, 0x01, 0x88, 0x88, 0x0B, 0x03, 0x9A, 0x88
    db 0x88, 0x97, 0x77, 0x77, 0x07, 0x09, 0x77, 0x77, 0x77, 0x79, 0x98, 0x87, 0x77, 0x77, 0x77, 0x77
    db 0x77, 0x77, 0x77, 0x77, 0x77, 0x77, 0x77, 0x77, 0x03, 0x06, 0x97, 0x77, 0x77, 0x77, 0x77, 0x77
    db 0x96, 0x66, 0x66, 0x66, 0x66, 0x66, 0x00, 0x00, 0x02, 0x06, 0x94, 0x44, 0x44, 0x44, 0x44, 0x44
    db 0x66, 0x66, 0x66, 0x66, 0x66, 0x66, 0x06, 0x09, 0x94, 0x47, 0x77, 0x99, 0x44, 0x96, 0x66, 0x66
    db 0x66, 0x77, 0x77, 0x77, 0x77, 0x77, 0x77, 0x77, 0x77, 0x77, 0x0A, 0x03, 0x66, 0x78, 0x67, 0x98
    db 0x88, 0x88, 0x0E, 0x02, 0x97, 0x88, 0x88, 0x88, 0x12, 0x01, 0xAA, 0xAA, 0x11, 0x07, 0xAA, 0xAA
    db 0xAA, 0xAA, 0xAA, 0xAA, 0xAA, 0x13, 0x01, 0xAA, 0xAA, 0x0F, 0x01, 0x88, 0x88, 0x0B, 0x03, 0x98
    db 0x78, 0x88, 0x98, 0x88, 0x88, 0x07, 0x09, 0x77, 0x77, 0x77, 0x77, 0x96, 0x69, 0x98, 0x88, 0x77
    db 0x77, 0x77, 0x77, 0x77, 0x77, 0x77, 0x77, 0x77, 0x77, 0x03, 0x06, 0x97, 0x77, 0x77, 0x77, 0x77
    db 0x77, 0x96, 0x66, 0x66, 0x66, 0x66, 0x66, 0x00, 0x00, 0x02, 0x06, 0x94, 0x44, 0x44, 0x44, 0x44
    db 0x77, 0x77, 0x77, 0x77, 0x77, 0x77, 0x77, 0x06, 0x09, 0x97, 0x99, 0x94, 0x46, 0x66, 0x96, 0x66
    db 0x66, 0x66, 0x77, 0x77, 0x77, 0x77, 0x77, 0x77, 0x77, 0x77, 0x77, 0x0A, 0x03, 0x67, 0x97, 0x77
    db 0x98, 0x88, 0x88, 0x0E, 0x02, 0x98, 0x88, 0x88, 0x88, 0x11, 0x08, 0xAA, 0xAA, 0xAA, 0xAA, 0xAA
    db 0xAA, 0xAA, 0xAA, 0x13, 0x01, 0x9A, 0xAA, 0x0F, 0x01, 0x8A, 0x88, 0x0B, 0x03, 0x98, 0x88, 0x98
    db 0x98, 0x88, 0x88, 0x07, 0x09, 0x77, 0x77, 0x77, 0x77, 0x97, 0x77, 0x66, 0x99, 0x98, 0x77, 0x77
    db 0x77, 0x77, 0x77, 0x77, 0x77, 0x77, 0x77, 0x03, 0x06, 0x98, 0x87, 0x77, 0x77, 0x77, 0x77, 0x97
    db 0x77, 0x77, 0x77, 0x77, 0x77, 0x00, 0x00, 0x02, 0x06, 0x94, 0x44, 0x47, 0x77, 0x79, 0x99, 0x44
    db 0x49, 0x44, 0x44, 0x44, 0x44, 0x06, 0x09, 0xBB, 0xB6, 0x96, 0x66, 0x66, 0x96, 0x66, 0x66, 0x67
    db 0x96, 0x66, 0x66, 0x66, 0x69, 0x66, 0x66, 0x66, 0x66, 0x0A, 0x03, 0x96, 0x97, 0x77, 0x77, 0x79
    db 0x77, 0x0E, 0x02, 0x77, 0x8A, 0xAA, 0xAA, 0x0D, 0x09, 0xAA, 0xAA, 0xAA, 0xAA, 0xAA, 0xAA, 0xAA
    db 0xAA, 0xA9, 0x0F, 0x01, 0x88, 0xAA, 0x0B, 0x03, 0x88, 0x88, 0x98, 0x77, 0x79, 0x77, 0x07, 0x09
    db 0x98, 0x77, 0x77, 0x77, 0x97, 0x77, 0x77, 0x97, 0x66, 0x96, 0x66, 0x66, 0x66, 0x69, 0x66, 0x66
    db 0x66, 0x66, 0x03, 0x06, 0x69, 0x99, 0x88, 0x88, 0x77, 0x77, 0x44, 0x44, 0x44, 0x44, 0x49, 0x44
    db 0x00, 0x00, 0x02, 0x06, 0x97, 0x77, 0x79, 0x99, 0xBB, 0xBB, 0x66, 0x69, 0x66, 0x66, 0x66, 0x66
    db 0x06, 0x09, 0x44, 0x46, 0x96, 0x66, 0x66, 0x96, 0x66, 0x67, 0x46, 0x97, 0x77, 0x77, 0x77, 0x79
    db 0x77, 0x77, 0x77, 0x77, 0x0A, 0x03, 0x96, 0x97, 0x86, 0x88, 0x89, 0x88, 0x0E, 0x01, 0x77, 0x88
    db 0x0D, 0x0A, 0x88, 0x88, 0x88, 0x88, 0x88, 0x88, 0x88, 0x88, 0x88, 0x88, 0x0F, 0x01, 0x88, 0x88
    db 0x0B, 0x03, 0x87, 0x88, 0x98, 0x88, 0x89, 0x88, 0x07, 0x09, 0x97, 0x78, 0x77, 0x77, 0x97, 0x77
    db 0x77, 0x97, 0x77, 0x97, 0x77, 0x77, 0x77, 0x79, 0x77, 0x77, 0x77, 0x77, 0x03, 0x06, 0x76, 0x66
    db 0x69, 0x99, 0x88, 0x88, 0x66, 0x66, 0x66, 0x66, 0x69, 0x66, 0x00, 0x00, 0x02, 0x06, 0x99, 0x99
    db 0xBB, 0xB9, 0x44, 0x44, 0x66, 0x69, 0x66, 0x66, 0x66, 0x66, 0x06, 0x09, 0x44, 0x46, 0x96, 0x66
    db 0x66, 0x96, 0x77, 0x46, 0x66, 0x97, 0x77, 0x77, 0x77, 0x79, 0x77, 0x77, 0x77, 0x77, 0x0A, 0x03
    db 0x96, 0x99, 0x77, 0x88, 0x89, 0x88, 0x0E, 0x01, 0x78, 0x88, 0x0D, 0x0B, 0x88, 0x88, 0x88, 0x88
    db 0x88, 0x88, 0x88, 0x88, 0x88, 0x88, 0x88, 0x0B, 0x03, 0x88, 0x89, 0x98, 0x88, 0x89, 0x88, 0x07
    db 0x09, 0x97, 0x77, 0x78, 0x87, 0x97, 0x77, 0x77, 0x97, 0x77, 0x97, 0x77, 0x77, 0x77, 0x79, 0x77
    db 0x77, 0x77, 0x77, 0x03, 0x06, 0x77, 0x77, 0x79, 0x66, 0x69, 0x99, 0x66, 0x66, 0x66, 0x66, 0x69
    db 0x66, 0x00, 0x00, 0x02, 0x06, 0xBB, 0xBB, 0x44, 0x49, 0x44, 0x44, 0x66, 0x69, 0x66, 0x66, 0x66
    db 0x66, 0x06, 0x09, 0x44, 0x46, 0x96, 0x66, 0x66, 0x99, 0x96, 0x66, 0x66, 0x97, 0x77, 0x77, 0x77
    db 0x79, 0x77, 0x77, 0x77, 0x77, 0x0A, 0x03, 0x96, 0x67, 0x77, 0x88, 0x88, 0x88, 0x09, 0x0C, 0x88
    db 0x88, 0x88, 0x88, 0x88, 0x88, 0x88, 0x88, 0x88, 0x88, 0x88, 0x88, 0x0B, 0x03, 0x98, 0x88, 0x78
    db 0x88, 0x88, 0x88, 0x07, 0x09, 0x97, 0x77, 0x77, 0x99, 0x97, 0x77, 0x77, 0x97, 0x77, 0x97, 0x77
    db 0x77, 0x77, 0x79, 0x77, 0x77, 0x77, 0x77, 0x03, 0x06, 0x77, 0x77, 0x79, 0x77, 0x76, 0x66, 0x66
    db 0x66, 0x66, 0x66, 0x69, 0x66, 0x00, 0x00, 0x02, 0x06, 0x44, 0x44, 0x44, 0x49, 0x44, 0x44, 0x66
    db 0x69, 0x66, 0x66, 0x66, 0x66, 0x06, 0x09, 0x44, 0x46, 0x96, 0x66, 0x79, 0x44, 0x96, 0x66, 0x66
    db 0x98, 0x88, 0x88, 0x88, 0x89, 0x88, 0x88, 0x88, 0x88, 0x0A, 0x03, 0x96, 0x77, 0x78, 0x88, 0x88
    db 0x88, 0x09, 0x0D, 0x88, 0x88, 0x88, 0x88, 0x88, 0x88, 0x88, 0x88, 0x88, 0x88, 0x88, 0x88, 0x87
    db 0x0B, 0x02, 0x88, 0x87, 0x88, 0x88, 0x07, 0x09, 0x97, 0x77, 0x77, 0x96, 0x69, 0x87, 0x77, 0x97
    db 0x77, 0x98, 0x88, 0x88, 0x88, 0x89, 0x88, 0x88, 0x88, 0x88, 0x03, 0x06, 0x77, 0x77, 0x79, 0x77
    db 0x77, 0x77, 0x66, 0x66, 0x66, 0x66, 0x69, 0x66, 0x00, 0x00, 0x02, 0x06, 0x44, 0x44, 0x44, 0x49
    db 0x44, 0x44, 0x66, 0x69, 0x66, 0x66, 0x66, 0x66, 0x06, 0x09, 0x44, 0x46, 0x96, 0x79, 0x44, 0x66
    db 0x96, 0x66, 0x69, 0x77, 0x77, 0x77, 0x77, 0x77, 0x77, 0x77, 0x77, 0x77, 0x0A, 0x02, 0x66, 0x77
    db 0x88, 0x88, 0x09, 0x0E, 0x88, 0x88, 0x88, 0x88, 0x88, 0x88, 0x88, 0x88, 0x88, 0x88, 0x88, 0x88
    db 0x88, 0x88, 0x0B, 0x02, 0x78, 0x88, 0x88, 0x88, 0x07, 0x09, 0x79, 0x77, 0x77, 0x97, 0x76, 0x69
    db 0x87, 0x97, 0x77, 0x77, 0x77, 0x77, 0x77, 0x77, 0x77, 0x77, 0x77, 0x77, 0x03, 0x06, 0x77, 0x77
    db 0x79, 0x77, 0x77, 0x77, 0x66, 0x66, 0x66, 0x66, 0x69, 0x66, 0x00, 0x00, 0x02, 0x06, 0x44, 0x44
    db 0x44, 0x49, 0x44, 0x44, 0x66, 0x69, 0x66, 0x66, 0x66, 0x66, 0x06, 0x09, 0x44, 0x46, 0x99, 0x44
    db 0x66, 0x66, 0x96, 0x67, 0x46, 0x77, 0x77, 0x77, 0x77, 0x77, 0x77, 0x77, 0x77, 0x77, 0x0A, 0x02
    db 0x66, 0x78, 0x88, 0x88, 0x09, 0x0F, 0x88, 0x88, 0x88, 0x88, 0x88, 0x88, 0x88, 0x88, 0x88, 0x88
    db 0x88, 0x88, 0x88, 0x88, 0x87, 0x0B, 0x01, 0x88, 0x88, 0x07, 0x09, 0x77, 0x78, 0x77, 0x97, 0x77
    db 0x76, 0x69, 0x97, 0x77, 0x77, 0x77, 0x77, 0x77, 0x77, 0x77, 0x77, 0x77, 0x77, 0x03, 0x06, 0x77
    db 0x77, 0x79, 0x77, 0x77, 0x77, 0x66, 0x66, 0x66, 0x66, 0x69, 0x66, 0x00, 0x00, 0x02, 0x06, 0x44
    db 0x44, 0x44, 0x49, 0x44, 0x44, 0x66, 0x69, 0x66, 0x66, 0x66, 0x66, 0x06, 0x09, 0x44, 0x79, 0x44
    db 0x66, 0x66, 0x66, 0x96, 0x74, 0x66, 0x77, 0x77, 0x77, 0x77, 0x77, 0x77, 0x77, 0x77, 0x77, 0x0A
    db 0x01, 0x66, 0x77, 0x09, 0x10, 0x88, 0x77, 0x88, 0x77, 0x87, 0x77, 0x87, 0x77, 0x87, 0x77, 0x87
    db 0x77, 0x88, 0x77, 0x88, 0x77, 0x0B, 0x01, 0x98, 0x88, 0x07, 0x09, 0x77, 0x77, 0x87, 0x97, 0x77
    db 0x77, 0x76, 0x69, 0x87, 0x77, 0x77, 0x77, 0x77, 0x77, 0x77, 0x77, 0x77, 0x77, 0x03, 0x06, 0x77
    db 0x77, 0x79, 0x77, 0x77, 0x77, 0x66, 0x66, 0x66, 0x66, 0x69, 0x66, 0x00, 0x00, 0x02, 0x06, 0x44
    db 0x44, 0x44, 0x49, 0x44, 0x47, 0x77, 0x79, 0x77, 0x77, 0x77, 0x77, 0x06, 0x09, 0x79, 0xBB, 0x66
    db 0x66, 0x66, 0x66, 0x99, 0x66, 0x66, 0x77, 0x77, 0x77, 0x77, 0x77, 0x77, 0x77, 0x77, 0x77, 0x0A
    db 0x01, 0x68, 0x78, 0x09, 0x11, 0x87, 0x78, 0x87, 0x78, 0x87, 0x77, 0x87, 0x77, 0x87, 0x77, 0x88
    db 0x77, 0x88, 0x77, 0x78, 0x77, 0x77, 0x07, 0x09, 0x77, 0x77, 0x79, 0x97, 0x77, 0x77, 0x77, 0x76
    db 0x69, 0x77, 0x77, 0x77, 0x77, 0x77, 0x77, 0x77, 0x77, 0x77, 0x03, 0x06, 0x88, 0x77, 0x79, 0x77
    db 0x77, 0x77, 0x77, 0x77, 0x77, 0x77, 0x79, 0x77, 0x00, 0x00, 0x02, 0x06, 0x44, 0x44, 0x44, 0x49
    db 0x47, 0x79, 0x44, 0x44, 0x44, 0x44, 0x44, 0x44, 0x06, 0x09, 0x9B, 0x46, 0x66, 0x66, 0x66, 0x67
    db 0x46, 0x66, 0x66, 0x77, 0x77, 0x77, 0x77, 0x78, 0x87, 0x77, 0x77, 0x77, 0x05, 0x12, 0x88, 0x77
    db 0x88, 0x77, 0x78, 0x77, 0x77, 0x87, 0x77, 0x87, 0x77, 0x78, 0x77, 0x78, 0x77, 0x78, 0x87, 0x77
    db 0x07, 0x09, 0x97, 0x77, 0x77, 0x78, 0x77, 0x77, 0x77, 0x77, 0x76, 0x88, 0x77, 0x77, 0x77, 0x78
    db 0x87, 0x77, 0x77, 0x77, 0x03, 0x06, 0x99, 0x88, 0x79, 0x77, 0x77, 0x77, 0x94, 0x44, 0x44, 0x44
    db 0x44, 0x44, 0x00, 0x00, 0x02, 0x06, 0x44, 0x44, 0x44, 0x49, 0x79, 0xBB, 0x66, 0x66, 0x66, 0x66
    db 0x66, 0x66, 0x06, 0x09, 0x94, 0x46, 0x66, 0x66, 0x66, 0x94, 0x66, 0x66, 0x67, 0x77, 0x88, 0x87
    db 0x77, 0x77, 0x77, 0x88, 0x77, 0x77, 0x05, 0x13, 0x77, 0x77, 0x87, 0x77, 0x77, 0x77, 0x78, 0x87
    db 0x77, 0x77, 0x77, 0x78, 0x77, 0x77, 0x77, 0x77, 0x88, 0x77, 0x77, 0x07, 0x08, 0x77, 0x77, 0x76
    db 0x97, 0x77, 0x77, 0x77, 0x77, 0x77, 0x78, 0x88, 0x77, 0x77, 0x77, 0x78, 0x87, 0x03, 0x06, 0x96
    db 0x69, 0x89, 0x77, 0x77, 0x77, 0x96, 0x66, 0x66, 0x66, 0x66, 0x66, 0x00, 0x00, 0x02, 0x06, 0x44
    db 0x44, 0x47, 0x79, 0xBB, 0x44, 0x66, 0x66, 0x66, 0x66, 0x66, 0x66, 0x06, 0x08, 0x94, 0x46, 0x66
    db 0x66, 0x79, 0x96, 0x66, 0x66, 0x77, 0x77, 0x77, 0x77, 0x77, 0x77, 0x77, 0x77, 0x05, 0x14, 0x77
    db 0x77, 0x77, 0x77, 0x77, 0x87, 0x77, 0x77, 0x77, 0x77, 0x87, 0x77, 0x77, 0x77, 0x77, 0x87, 0x77
    db 0x77, 0x77, 0x77, 0x07, 0x08, 0x77, 0x77, 0x77, 0x99, 0x87, 0x77, 0x77, 0x77, 0x77, 0x77, 0x77
    db 0x77, 0x77, 0x77, 0x77, 0x77, 0x03, 0x06, 0x97, 0x76, 0x69, 0x88, 0x77, 0x77, 0x96, 0x66, 0x66
    db 0x66, 0x66, 0x66, 0x00, 0x00, 0x02, 0x06, 0x44, 0x47, 0x79, 0xBB, 0x44, 0x44, 0x66, 0x66, 0x66
    db 0x66, 0x66, 0x66, 0x06, 0x08, 0x94, 0x46, 0x66, 0x67, 0x46, 0x96, 0x66, 0x67, 0x87, 0x77, 0x77
    db 0x77, 0x78, 0x88, 0x77, 0x77, 0x05, 0x15, 0x77, 0x77, 0x88, 0x77, 0x77, 0x77, 0x77, 0x78, 0x77
    db 0x77, 0x77, 0x77, 0x78, 0x87, 0x77, 0x77, 0x77, 0x77, 0x87, 0x77, 0x77, 0x07, 0x07, 0x77, 0x77
    db 0x97, 0x68, 0x77, 0x77, 0x77, 0x77, 0x77, 0x88, 0x77, 0x77, 0x77, 0x77, 0x03, 0x06, 0x97, 0x77
    db 0x76, 0x69, 0x88, 0x77, 0x96, 0x66, 0x66, 0x66, 0x66, 0x66, 0x00, 0x00, 0x02, 0x06, 0x77, 0x79
    db 0xBB, 0x44, 0x44, 0x44, 0x66, 0x66, 0x66, 0x66, 0x66, 0x66, 0x06, 0x07, 0x94, 0x46, 0x67, 0x94
    db 0x66, 0x96, 0x66, 0x77, 0x77, 0x77, 0x77, 0x88, 0x77, 0x77, 0x05, 0x16, 0x77, 0x77, 0x78, 0x87
    db 0x77, 0x77, 0x77, 0x77, 0x78, 0x77, 0x77, 0x77, 0x77, 0x77, 0x87, 0x77, 0x77, 0x77, 0x77, 0x88
    db 0x77, 0x77, 0x07, 0x07, 0x77, 0x77, 0x97, 0x76, 0x98, 0x77, 0x77, 0x77, 0x77, 0x78, 0x87, 0x77
    db 0x77, 0x77, 0x03, 0x06, 0x97, 0x77, 0x77, 0x76, 0x69, 0x88, 0x96, 0x66, 0x66, 0x66, 0x66, 0x66
    db 0x00, 0x00, 0x02, 0x06, 0x99, 0xBB, 0x44, 0x44, 0x44, 0x44, 0x66, 0x66, 0x66, 0x66, 0x66, 0x66
    db 0x06, 0x07, 0x94, 0x46, 0x79, 0x46, 0x66, 0x96, 0x77, 0x77, 0x77, 0x77, 0x77, 0x77, 0x77, 0x77
    db 0x05, 0x17, 0x77, 0x77, 0x77, 0x77, 0x77, 0x78, 0x77, 0x77, 0x77, 0x77, 0x77, 0x87, 0x77, 0x77
    db 0x77, 0x77, 0x77, 0x87, 0x77, 0x77, 0x77, 0x77, 0x77, 0x07, 0x06, 0x87, 0x97, 0x77, 0x69, 0x87
    db 0x77, 0x77, 0x77, 0x77, 0x77, 0x77, 0x77, 0x03, 0x06, 0x97, 0x77, 0x77, 0x77, 0x76, 0x69, 0x96
    db 0x66, 0x66, 0x66, 0x66, 0x66, 0x00, 0x00, 0x02, 0x06, 0x9B, 0x44, 0x44, 0x44, 0x44, 0x44, 0x66
    db 0x66, 0x66, 0x66, 0x66, 0x66, 0x06, 0x06, 0x94, 0x47, 0x96, 0x66, 0x66, 0x97, 0x88, 0x77, 0x77
    db 0x77, 0x77, 0x77, 0x05, 0x18, 0x88, 0x77, 0x77, 0x77, 0x77, 0x77, 0x88, 0x77, 0x77, 0x87, 0x77
    db 0x77, 0x87, 0x77, 0x77, 0x87, 0x77, 0x77, 0x88, 0x77, 0x77, 0x77, 0x77, 0x77, 0x07, 0x06, 0x98
    db 0x97, 0x77, 0x77, 0x98, 0x77, 0x88, 0x77, 0x77, 0x77, 0x77, 0x77, 0x03, 0x06, 0x97, 0x77, 0x77
    db 0x77, 0x77, 0x76, 0x96, 0x66, 0x66, 0x66, 0x66, 0x66, 0x00, 0x00, 0x02, 0x06, 0x94, 0x44, 0x44
    db 0x44, 0x44, 0x44, 0x66, 0x66, 0x66, 0x66, 0x66, 0x66, 0x06, 0x06, 0x97, 0x9B, 0x96, 0x66, 0x66
    db 0x97, 0x77, 0x77, 0x77, 0x77, 0x77, 0x77, 0x05, 0x19, 0x77, 0x77, 0x78, 0x87, 0x77, 0x77, 0x77
    db 0x77, 0x77, 0x87, 0x77, 0x77, 0x77, 0x77, 0x77, 0x88, 0x77, 0x77, 0x77, 0x77, 0x77, 0x78, 0x77
    db 0x77, 0x76, 0x07, 0x05, 0x97, 0x77, 0x77, 0x96, 0x98, 0x77, 0x77, 0x77, 0x77, 0x77, 0x03, 0x06
    db 0x97, 0x77, 0x77, 0x77, 0x77, 0x77, 0x96, 0x66, 0x66, 0x66, 0x66, 0x66, 0x00, 0x00, 0x02, 0x06
    db 0x94, 0x44, 0x44, 0x44, 0x44, 0x44, 0x77, 0x77, 0x77, 0x77, 0x77, 0x77, 0x06, 0x05, 0x99, 0xB6
    db 0x96, 0x66, 0x67, 0x77, 0x78, 0x87, 0x77, 0x77, 0x05, 0x1A, 0x77, 0x77, 0x77, 0x88, 0x77, 0x77
    db 0x77, 0x77, 0x77, 0x77, 0x87, 0x77, 0x77, 0x77, 0x77, 0x77, 0x78, 0x77, 0x77, 0x77, 0x77, 0x77
    db 0x78, 0x87, 0x77, 0x77, 0x07, 0x05, 0x68, 0x77, 0x77, 0x97, 0x69, 0x77, 0x77, 0x77, 0x88, 0x77
    db 0x03, 0x06, 0x97, 0x77, 0x77, 0x77, 0x77, 0x77, 0x97, 0x77, 0x77, 0x77, 0x77, 0x77, 0x00, 0x00
    db 0x02, 0x06, 0x94, 0x44, 0x44, 0x44, 0x44, 0x79, 0x44, 0x49, 0x44, 0x44, 0x44, 0x44, 0x06, 0x05
    db 0xB4, 0x46, 0x96, 0x66, 0x78, 0x77, 0x77, 0x77, 0x77, 0x78, 0x05, 0x1B, 0x87, 0x77, 0x77, 0x77
    db 0x77, 0x77, 0x78, 0x77, 0x77, 0x77, 0x77, 0x77, 0x77, 0x87, 0x77, 0x77, 0x77, 0x77, 0x77, 0x77
    db 0x87, 0x77, 0x77, 0x77, 0x77, 0x77, 0x76, 0x07, 0x04, 0x87, 0x77, 0x97, 0x77, 0x77, 0x77, 0x77
    db 0x77, 0x03, 0x06, 0x69, 0x87, 0x77, 0x77, 0x77, 0x77, 0x44, 0x44, 0x44, 0x44, 0x49, 0x44, 0x00
    db 0x00, 0x02, 0x06, 0x94, 0x44, 0x44, 0x44, 0x47, 0x9B, 0x66, 0x69, 0x66, 0x66, 0x66, 0x66, 0x06
    db 0x04, 0x44, 0x46, 0x96, 0x67, 0x77, 0x77, 0x77, 0x77, 0x05, 0x1C, 0x77, 0x77, 0x77, 0x77, 0x77
    db 0x77, 0x77, 0x87, 0x77, 0x77, 0x77, 0x77, 0x77, 0x77, 0x87, 0x77, 0x77, 0x77, 0x77, 0x77, 0x77
    db 0x87, 0x77, 0x77, 0x77, 0x77, 0x77, 0x77, 0x07, 0x04, 0x68, 0x77, 0x97, 0x77, 0x77, 0x77, 0x77
    db 0x77, 0x03, 0x06, 0x76, 0x98, 0x77, 0x77, 0x77, 0x77, 0x66, 0x66, 0x66, 0x66, 0x69, 0x66, 0x00
    db 0x00, 0x02, 0x06, 0x94, 0x44, 0x44, 0x44, 0x79, 0xB4, 0x66, 0x69, 0x66, 0x66, 0x66, 0x66, 0x06
    db 0x04, 0x44, 0x46, 0x96, 0x78, 0x88, 0x77, 0x77, 0x78, 0x05, 0x1D, 0x87, 0x77, 0x77, 0x88, 0x77
    db 0x77, 0x78, 0x87, 0x77, 0x77, 0x78, 0x77, 0x77, 0x77, 0x87, 0x77, 0x77, 0x78, 0x87, 0x77, 0x77
    db 0x88, 0x77, 0x77, 0x77, 0x87, 0x77, 0x77, 0x76, 0x07, 0x03, 0x87, 0x97, 0x77, 0x87, 0x77, 0x77
    db 0x03, 0x06, 0x77, 0x69, 0x87, 0x77, 0x77, 0x77, 0x66, 0x66, 0x66, 0x66, 0x69, 0x66, 0x00, 0x00
    db 0x02, 0x06, 0x94, 0x44, 0x44, 0x79, 0xBB, 0x44, 0x66, 0x69, 0x66, 0x66, 0x66, 0x66, 0x06, 0x03
    db 0x44, 0x46, 0x97, 0x77, 0x77, 0x77, 0x05, 0x1E, 0x77, 0x77, 0x77, 0x77, 0x87, 0x77, 0x77, 0x77
    db 0x77, 0x77, 0x77, 0x78, 0x77, 0x77, 0x77, 0x77, 0x77, 0x77, 0x77, 0x87, 0x77, 0x77, 0x77, 0x77
    db 0x77, 0x77, 0x78, 0x77, 0x77, 0x77, 0x07, 0x03, 0x68, 0x97, 0x77, 0x77, 0x77, 0x77, 0x03, 0x06
    db 0x77, 0x76, 0x69, 0x87, 0x77, 0x77, 0x66, 0x66, 0x66, 0x66, 0x69, 0x66, 0x00, 0x00, 0x02, 0x06
    db 0x94, 0x44, 0x47, 0x99, 0x44, 0x44, 0x66, 0x69, 0x66, 0x66, 0x66, 0x66, 0x06, 0x03, 0x44, 0x46
    db 0x96, 0x66, 0x66, 0x66, 0x05, 0x1F, 0x66, 0x66, 0x66, 0x78, 0x76, 0x66, 0x66, 0x66, 0x66, 0x66
    db 0x66, 0x78, 0x66, 0x66, 0x66, 0x66, 0x66, 0x66, 0x66, 0x87, 0x66, 0x66, 0x66, 0x66, 0x66, 0x66
    db 0x68, 0x86, 0x66, 0x66, 0x66, 0x07, 0x02, 0x97, 0x77, 0x66, 0x66, 0x03, 0x06, 0x77, 0x77, 0x79
    db 0x98, 0x77, 0x77, 0x66, 0x66, 0x66, 0x66, 0x69, 0x66, 0x00, 0x00, 0x02, 0x06, 0x94, 0x47, 0x79
    db 0xB9, 0x44, 0x44, 0x66, 0x69, 0x66, 0x66, 0x66, 0x66, 0x06, 0x02, 0x44, 0x47, 0x77, 0x77, 0x05
    db 0x20, 0x77, 0x77, 0x77, 0x77, 0x88, 0x77, 0x77, 0x77, 0x87, 0x77, 0x77, 0x77, 0x88, 0x77, 0x77
    db 0x77, 0x87, 0x77, 0x77, 0x77, 0x88, 0x77, 0x77, 0x77, 0x87, 0x77, 0x77, 0x77, 0x88, 0x77, 0x77
    db 0x77, 0x07, 0x02, 0x68, 0x77, 0x77, 0x77, 0x03, 0x06, 0x77, 0x77, 0x79, 0x69, 0x88, 0x77, 0x66
    db 0x66, 0x66, 0x66, 0x69, 0x66, 0x00, 0x00, 0x02, 0x06, 0x94, 0x79, 0xBB, 0x49, 0x44, 0x44, 0x66
    db 0x69, 0x66, 0x66, 0x66, 0x66, 0x06, 0x02, 0x44, 0x78, 0x77, 0x78, 0x05, 0x21, 0x87, 0x77, 0x77
    db 0x77, 0x77, 0x77, 0x77, 0x77, 0x87, 0x77, 0x77, 0x77, 0x77, 0x77, 0x77, 0x77, 0x87, 0x77, 0x77
    db 0x77, 0x77, 0x77, 0x77, 0x77, 0x78, 0x77, 0x77, 0x77, 0x77, 0x77, 0x77, 0x77, 0x76, 0x07, 0x01
    db 0x87, 0x87, 0x03, 0x06, 0x77, 0x77, 0x79, 0x76, 0x69, 0x87, 0x66, 0x66, 0x66, 0x66, 0x69, 0x66
    db 0x00, 0x00, 0x02, 0x06, 0x97, 0x9B, 0x44, 0x49, 0x44, 0x44, 0x66, 0x69, 0x66, 0x66, 0x66, 0x66
    db 0x06, 0x01, 0x47, 0x66, 0x05, 0x22, 0x88, 0x66, 0x66, 0x66, 0x66, 0x66, 0x66, 0x66, 0x68, 0x76
    db 0x66, 0x66, 0x66, 0x66, 0x66, 0x66, 0x66, 0x87, 0x66, 0x66, 0x66, 0x66, 0x66, 0x66, 0x66, 0x68
    db 0x76, 0x66, 0x66, 0x66, 0x66, 0x66, 0x66, 0x66, 0x07, 0x01, 0x68, 0x88, 0x03, 0x06, 0x77, 0x77
    db 0x79, 0x77, 0x76, 0x98, 0x66, 0x66, 0x66, 0x66, 0x69, 0x66, 0x00, 0x00, 0x02, 0x06, 0x99, 0xB4
    db 0x44, 0x49, 0x44, 0x44, 0x77, 0x79, 0x77, 0x77, 0x77, 0x77, 0x06, 0x01, 0x78, 0x68, 0x05, 0x23
    db 0x86, 0x66, 0x66, 0x66, 0x66, 0x66, 0x66, 0x66, 0x78, 0x66, 0x66, 0x66, 0x66, 0x66, 0x66, 0x66
    db 0x66, 0x87, 0x66, 0x66, 0x66, 0x66, 0x66, 0x66, 0x66, 0x67, 0x86, 0x66, 0x66, 0x66, 0x66, 0x66
    db 0x66, 0x66, 0x66, 0x03, 0x06, 0x87, 0x77, 0x79, 0x77, 0x77, 0x69, 0x77, 0x77, 0x77, 0x77, 0x79
    db 0x77, 0x00, 0x00, 0x02, 0x06, 0xBB, 0x44, 0x44, 0x49, 0x44, 0x47, 0x77, 0x77, 0x77, 0x77, 0x77
    db 0x77, 0x01, 0x24, 0x88, 0x77, 0x77, 0x77, 0x77, 0x77, 0x77, 0x77, 0x77, 0x88, 0x77, 0x77, 0x77
    db 0x78, 0x77, 0x77, 0x77, 0x77, 0x88, 0x77, 0x77, 0x77, 0x78, 0x77, 0x77, 0x77, 0x77, 0x88, 0x77
    db 0x77, 0x77, 0x77, 0x77, 0x77, 0x77, 0x77, 0x03, 0x06, 0x98, 0x77, 0x79, 0x77, 0x77, 0x76, 0x88
    db 0x77, 0x77, 0x77, 0x77, 0x77, 0x00, 0x00, 0x02, 0x06, 0x44, 0x44, 0x44, 0x49, 0x44, 0x77, 0x77
    db 0x87, 0x77, 0x77, 0x77, 0x77, 0x01, 0x25, 0x77, 0x77, 0x77, 0x77, 0x88, 0x77, 0x77, 0x77, 0x77
    db 0x77, 0x77, 0x77, 0x77, 0x7A, 0x77, 0x77, 0x77, 0x77, 0x77, 0x77, 0x77, 0x77, 0x78, 0x87, 0x77
    db 0x77, 0x77, 0x77, 0x77, 0x77, 0x77, 0x77, 0x87, 0x77, 0x77, 0x77, 0x76, 0x03, 0x05, 0x87, 0x79
    db 0x77, 0x77, 0x77, 0x77, 0x77, 0x77, 0x77, 0x88, 0x00, 0x00, 0x02, 0x05, 0x44, 0x44, 0x44, 0x49
    db 0x47, 0x77, 0x76, 0x66, 0x66, 0x66, 0x01, 0x26, 0x66, 0x66, 0x66, 0x66, 0x67, 0x87, 0x66, 0x66
    db 0x66, 0x66, 0x66, 0x66, 0x66, 0x66, 0x78, 0x66, 0x66, 0x66, 0x66, 0x66, 0x66, 0x66, 0x66, 0x67
    db 0x86, 0x66, 0x66, 0x66, 0x66, 0x66, 0x66, 0x66, 0x66, 0x78, 0x76, 0x66, 0x66, 0x66, 0x03, 0x05
    db 0x68, 0x79, 0x77, 0x77, 0x77, 0x66, 0x66, 0x66, 0x66, 0x67, 0x00, 0x00, 0x02, 0x05, 0x44, 0x44
    db 0x44, 0x49, 0x76, 0x87, 0x66, 0x66, 0x66, 0x66, 0x01, 0x27, 0x66, 0x66, 0x66, 0x66, 0x78, 0x76
    db 0x66, 0x66, 0x66, 0x66, 0x66, 0x66, 0x66, 0x66, 0x78, 0x66, 0x66, 0x66, 0x66, 0x66, 0x66, 0x66
    db 0x66, 0x66, 0x87, 0x66, 0x66, 0x66, 0x66, 0x66, 0x66, 0x66, 0x66, 0x68, 0x86, 0x66, 0x66, 0x66
    db 0x66, 0x03, 0x04, 0x89, 0x77, 0x77, 0x77, 0x66, 0x66, 0x66, 0x66, 0x00, 0x00, 0x02, 0x04, 0x44
    db 0x44, 0x44, 0x49, 0x66, 0x66, 0x66, 0x66, 0x01, 0x28, 0x66, 0x66, 0x66, 0x66, 0x66, 0x88, 0x66
    db 0x66, 0x66, 0x66, 0x66, 0x66, 0x66, 0x66, 0x66, 0x88, 0x66, 0x66, 0x66, 0x66, 0x66, 0x66, 0x66
    db 0x66, 0x66, 0x88, 0x66, 0x66, 0x66, 0x66, 0x66, 0x66, 0x66, 0x66, 0x66, 0x88, 0x66, 0x66, 0x66
    db 0x66, 0x03, 0x04, 0x69, 0x77, 0x77, 0x77, 0x66, 0x66, 0x66, 0x66, 0x00, 0x00, 0x02, 0x04, 0x44
    db 0x44, 0x44, 0x77, 0x77, 0x77, 0x77, 0x77, 0x01, 0x29, 0x77, 0x77, 0x77, 0x77, 0x78, 0x87, 0x77
    db 0x77, 0x77, 0x77, 0x77, 0x77, 0x77, 0x77, 0x77, 0xA8, 0x77, 0x77, 0x77, 0x77, 0x77, 0x77, 0x77
    db 0x77, 0x77, 0x8A, 0x77, 0x77, 0x77, 0x77, 0x77, 0x77, 0x77, 0x77, 0x77, 0x78, 0x87, 0x77, 0x77
    db 0x77, 0x76, 0x03, 0x03, 0x87, 0x77, 0x77, 0x77, 0x77, 0x77, 0x00, 0x00, 0x02, 0x03, 0x44, 0x44
    db 0x47, 0x77, 0x77, 0x77, 0x01, 0x2A, 0x88, 0x77, 0x77, 0x77, 0x77, 0x77, 0x77, 0x77, 0x77, 0x77
    db 0x78, 0x87, 0x77, 0x77, 0x77, 0x77, 0x77, 0x77, 0x77, 0x77, 0x77, 0x88, 0x77, 0x77, 0x77, 0x77
    db 0x77, 0x77, 0x77, 0x77, 0x77, 0x7A, 0x87, 0x77, 0x77, 0x77, 0x77, 0x77, 0x77, 0x77, 0x77, 0x77
    db 0x03, 0x03, 0x68, 0x77, 0x77, 0x88, 0x77, 0x77, 0x00, 0x00, 0x02, 0x03, 0x44, 0x44, 0x78, 0x66
    db 0x66, 0x68, 0x01, 0x2B, 0x86, 0x66, 0x66, 0x66, 0x66, 0x66, 0x66, 0x66, 0x66, 0x66, 0x78, 0x76
    db 0x66, 0x66, 0x66, 0x66, 0x66, 0x66, 0x66, 0x66, 0x66, 0x88, 0x66, 0x66, 0x66, 0x66, 0x66, 0x66
    db 0x66, 0x66, 0x66, 0x67, 0x87, 0x66, 0x66, 0x66, 0x66, 0x66, 0x66, 0x66, 0x66, 0x66, 0x66, 0x03
    db 0x02, 0x87, 0x77, 0x86, 0x66, 0x00, 0x00, 0x02, 0x02, 0x44, 0x47, 0x66, 0x66, 0x01, 0x2C, 0x88
    db 0x66, 0x66, 0x66, 0x66, 0x66, 0x66, 0x66, 0x66, 0x66, 0x66, 0x88, 0x66, 0x66, 0x66, 0x66, 0x66
    db 0x66, 0x66, 0x66, 0x66, 0x66, 0x88, 0x66, 0x66, 0x66, 0x66, 0x66, 0x66, 0x66, 0x66, 0x66, 0x66
    db 0x88, 0x66, 0x66, 0x66, 0x66, 0x66, 0x66, 0x66, 0x66, 0x66, 0x66, 0x03, 0x02, 0x68, 0x77, 0x88
    db 0x66, 0x00, 0x00, 0x02, 0x02, 0x44, 0x78, 0x66, 0x68, 0x01, 0x2D, 0x86, 0x66, 0x66, 0x66, 0x66
    db 0x66, 0x66, 0x66, 0x66, 0x66, 0x67, 0x87, 0x66, 0x66, 0x66, 0x66, 0x66, 0x66, 0x66, 0x66, 0x66
    db 0x66, 0x88, 0x66, 0x66, 0x66, 0x66, 0x66, 0x66, 0x66, 0x66, 0x66, 0x66, 0x78, 0x76, 0x66, 0x66
    db 0x66, 0x66, 0x66, 0x66, 0x66, 0x66, 0x66, 0x66, 0x03, 0x01, 0x87, 0x86, 0x00, 0x00, 0x02, 0x01
    db 0x77, 0x66, 0x01, 0x2E, 0x88, 0x66, 0x66, 0x66, 0x66, 0x66, 0x66, 0x66, 0x66, 0x66, 0x66, 0x68
    db 0x86, 0x66, 0x66, 0x66, 0x66, 0x66, 0x66, 0x66, 0x66, 0x66, 0x66, 0x88, 0x66, 0x66, 0x66, 0x66
    db 0x66, 0x66, 0x66, 0x66, 0x66, 0x66, 0x68, 0x86, 0x66, 0x66, 0x66, 0x66, 0x66, 0x66, 0x66, 0x66
    db 0x66, 0x66, 0x03, 0x01, 0x68, 0x88, 0x00, 0x00, 0x02, 0x01, 0x98, 0x68, 0x01, 0x2F, 0x86, 0x66
    db 0x66, 0x66, 0x66, 0x66, 0x66, 0x66, 0x66, 0x66, 0x66, 0x78, 0x76, 0x66, 0x66, 0x66, 0x66, 0x66
    db 0x66, 0x66, 0x66, 0x66, 0x66, 0x88, 0x66, 0x66, 0x66, 0x66, 0x66, 0x66, 0x66, 0x66, 0x66, 0x66
    db 0x67, 0x87, 0x66, 0x66, 0x66, 0x66, 0x66, 0x66, 0x66, 0x66, 0x66, 0x66, 0x66, 0x00, 0x00

; 정면 벽: 깊이 1..4 각각 startY, 높이, xByte, 바이트폭, 픽셀
FrontPtrs:
    dw Front1
    dw Front2
    dw Front3
    dw Front4
Front1:
    db 0x14, 0x49, 0x0E, 0x24, 0x94, 0x44, 0x44, 0x44, 0x44, 0x44, 0x44, 0x44, 0x44, 0x94, 0x44, 0x44
    db 0x44, 0x44, 0x44, 0x44, 0x44, 0x44, 0x94, 0x44, 0x44, 0x44, 0x44, 0x44, 0x44, 0x44, 0x44, 0x94
    db 0x44, 0x44, 0x44, 0x44, 0x44, 0x44, 0x44, 0x44, 0x96, 0x66, 0x66, 0x66, 0x66, 0x66, 0x66, 0x66
    db 0x66, 0x96, 0x66, 0x66, 0x66, 0x66, 0x66, 0x66, 0x66, 0x66, 0x96, 0x66, 0x66, 0x66, 0x66, 0x66
    db 0x66, 0x66, 0x66, 0x96, 0x66, 0x66, 0x66, 0x66, 0x66, 0x66, 0x66, 0x66, 0x96, 0x66, 0x66, 0x66
    db 0x66, 0x66, 0x66, 0x66, 0x66, 0x96, 0x66, 0x66, 0x66, 0x66, 0x66, 0x66, 0x66, 0x66, 0x96, 0x66
    db 0x66, 0x66, 0x66, 0x66, 0x66, 0x66, 0x66, 0x96, 0x66, 0x66, 0x66, 0x66, 0x66, 0x66, 0x66, 0x66
    db 0x96, 0x66, 0x66, 0x66, 0x66, 0x66, 0x66, 0x66, 0x66, 0x96, 0x66, 0x66, 0x66, 0x66, 0x66, 0x66
    db 0x66, 0x66, 0x96, 0x66, 0x66, 0x66, 0x66, 0x66, 0x66, 0x66, 0x66, 0x96, 0x66, 0x66, 0x66, 0x66
    db 0x66, 0x66, 0x66, 0x66, 0x96, 0x66, 0x66, 0x66, 0x66, 0x66, 0x66, 0x66, 0x66, 0x96, 0x66, 0x66
    db 0x66, 0x66, 0x66, 0x66, 0x66, 0x66, 0x96, 0x66, 0x66, 0x66, 0x66, 0x66, 0x66, 0x66, 0x66, 0x96
    db 0x66, 0x66, 0x66, 0x66, 0x66, 0x66, 0x66, 0x66, 0x96, 0x66, 0x66, 0x66, 0x66, 0x66, 0x66, 0x66
    db 0x66, 0x96, 0x66, 0x66, 0x66, 0x66, 0x66, 0x66, 0x66, 0x66, 0x96, 0x66, 0x66, 0x66, 0x66, 0x66
    db 0x66, 0x66, 0x66, 0x96, 0x66, 0x66, 0x66, 0x66, 0x66, 0x66, 0x66, 0x66, 0x96, 0x66, 0x66, 0x66
    db 0x66, 0x66, 0x66, 0x66, 0x66, 0x96, 0x66, 0x66, 0x66, 0x66, 0x66, 0x66, 0x66, 0x66, 0x96, 0x66
    db 0x66, 0x66, 0x66, 0x66, 0x66, 0x66, 0x66, 0x96, 0x66, 0x66, 0x66, 0x66, 0x66, 0x66, 0x66, 0x66
    db 0x96, 0x66, 0x66, 0x66, 0x66, 0x66, 0x66, 0x66, 0x66, 0x96, 0x66, 0x66, 0x66, 0x66, 0x66, 0x66
    db 0x66, 0x66, 0x96, 0x66, 0x66, 0x66, 0x66, 0x66, 0x66, 0x66, 0x66, 0x96, 0x66, 0x66, 0x66, 0x66
    db 0x66, 0x66, 0x66, 0x66, 0x97, 0x77, 0x77, 0x77, 0x77, 0x77, 0x77, 0x77, 0x77, 0x97, 0x77, 0x77
    db 0x77, 0x77, 0x77, 0x77, 0x77, 0x77, 0x97, 0x77, 0x77, 0x77, 0x77, 0x77, 0x77, 0x77, 0x77, 0x97
    db 0x77, 0x77, 0x77, 0x77, 0x77, 0x77, 0x77, 0x77, 0x44, 0x44, 0x44, 0x44, 0x49, 0x44, 0x44, 0x44
    db 0x44, 0x44, 0x44, 0x44, 0x44, 0x49, 0x44, 0x44, 0x44, 0x44, 0x44, 0x44, 0x44, 0x44, 0x49, 0x44
    db 0x44, 0x44, 0x44, 0x44, 0x44, 0x44, 0x44, 0x49, 0x44, 0x44, 0x44, 0x44, 0x66, 0x66, 0x66, 0x66
    db 0x69, 0x66, 0x66, 0x66, 0x66, 0x66, 0x66, 0x66, 0x66, 0x69, 0x66, 0x66, 0x66, 0x66, 0x66, 0x66
    db 0x66, 0x66, 0x69, 0x66, 0x66, 0x66, 0x66, 0x66, 0x66, 0x66, 0x66, 0x69, 0x66, 0x66, 0x66, 0x66
    db 0x66, 0x66, 0x66, 0x66, 0x69, 0x66, 0x66, 0x66, 0x66, 0x66, 0x66, 0x66, 0x66, 0x69, 0x66, 0x66
    db 0x66, 0x66, 0x66, 0x66, 0x66, 0x66, 0x69, 0x66, 0x66, 0x66, 0x66, 0x66, 0x66, 0x66, 0x66, 0x69
    db 0x66, 0x66, 0x66, 0x66, 0x66, 0x66, 0x66, 0x66, 0x69, 0x66, 0x66, 0x66, 0x66, 0x66, 0x66, 0x66
    db 0x66, 0x69, 0x66, 0x66, 0x66, 0x66, 0x66, 0x66, 0x66, 0x66, 0x69, 0x66, 0x66, 0x66, 0x66, 0x66
    db 0x66, 0x66, 0x66, 0x69, 0x66, 0x66, 0x66, 0x66, 0x66, 0x66, 0x66, 0x66, 0x69, 0x66, 0x66, 0x66
    db 0x66, 0x66, 0x66, 0x66, 0x66, 0x69, 0x66, 0x66, 0x66, 0x66, 0x66, 0x66, 0x66, 0x66, 0x69, 0x66
    db 0x66, 0x66, 0x66, 0x66, 0x66, 0x66, 0x66, 0x69, 0x66, 0x66, 0x66, 0x66, 0x66, 0x66, 0x66, 0x66
    db 0x69, 0x66, 0x66, 0x66, 0x66, 0x66, 0x66, 0x66, 0x66, 0x69, 0x66, 0x66, 0x66, 0x66, 0x66, 0x66
    db 0x66, 0x66, 0x69, 0x66, 0x66, 0x66, 0x66, 0x66, 0x66, 0x66, 0x66, 0x69, 0x66, 0x66, 0x66, 0x66
    db 0x66, 0x66, 0x66, 0x66, 0x69, 0x66, 0x66, 0x66, 0x66, 0x66, 0x66, 0x66, 0x66, 0x69, 0x66, 0x66
    db 0x66, 0x66, 0x66, 0x66, 0x66, 0x66, 0x69, 0x66, 0x66, 0x66, 0x66, 0x66, 0x66, 0x66, 0x66, 0x69
    db 0x66, 0x66, 0x66, 0x66, 0x66, 0x66, 0x66, 0x66, 0x69, 0x66, 0x66, 0x66, 0x66, 0x66, 0x66, 0x66
    db 0x66, 0x69, 0x66, 0x66, 0x66, 0x66, 0x66, 0x66, 0x66, 0x66, 0x69, 0x66, 0x66, 0x66, 0x66, 0x66
    db 0x66, 0x66, 0x66, 0x69, 0x66, 0x66, 0x66, 0x66, 0x77, 0x77, 0x77, 0x77, 0x79, 0x77, 0x77, 0x77
    db 0x77, 0x77, 0x77, 0x77, 0x77, 0x79, 0x77, 0x77, 0x77, 0x77, 0x77, 0x77, 0x77, 0x77, 0x79, 0x77
    db 0x77, 0x77, 0x77, 0x77, 0x77, 0x77, 0x77, 0x79, 0x77, 0x77, 0x77, 0x77, 0x94, 0x44, 0x44, 0x44
    db 0x44, 0x44, 0x44, 0x44, 0x44, 0x94, 0x44, 0x44, 0x44, 0x44, 0x44, 0x44, 0x44, 0x44, 0x94, 0x44
    db 0x44, 0x44, 0x44, 0x44, 0x44, 0x44, 0x44, 0x94, 0x44, 0x44, 0x44, 0x44, 0x44, 0x44, 0x44, 0x44
    db 0x96, 0x66, 0x66, 0x66, 0x66, 0x66, 0x66, 0x66, 0x66, 0x96, 0x66, 0x66, 0x66, 0x66, 0x66, 0x66
    db 0x66, 0x66, 0x96, 0x66, 0x66, 0x66, 0x66, 0x66, 0x66, 0x66, 0x66, 0x96, 0x66, 0x66, 0x66, 0x66
    db 0x66, 0x66, 0x66, 0x66, 0x96, 0x66, 0x66, 0x66, 0x66, 0x66, 0x66, 0x66, 0x66, 0x96, 0x66, 0x66
    db 0x66, 0x66, 0x66, 0x66, 0x66, 0x66, 0x96, 0x66, 0x66, 0x66, 0x66, 0x66, 0x66, 0x66, 0x66, 0x96
    db 0x66, 0x66, 0x66, 0x66, 0x66, 0x66, 0x66, 0x66, 0x96, 0x66, 0x66, 0x66, 0x66, 0x66, 0x66, 0x66
    db 0x66, 0x96, 0x66, 0x66, 0x66, 0x66, 0x66, 0x66, 0x66, 0x66, 0x96, 0x66, 0x66, 0x66, 0x66, 0x66
    db 0x66, 0x66, 0x66, 0x96, 0x66, 0x66, 0x66, 0x66, 0x66, 0x66, 0x66, 0x66, 0x96, 0x66, 0x66, 0x66
    db 0x66, 0x66, 0x66, 0x66, 0x66, 0x96, 0x66, 0x66, 0x66, 0x66, 0x66, 0x66, 0x66, 0x66, 0x96, 0x66
    db 0x66, 0x66, 0x66, 0x66, 0x66, 0x66, 0x66, 0x96, 0x66, 0x66, 0x66, 0x66, 0x66, 0x66, 0x66, 0x66
    db 0x96, 0x66, 0x66, 0x66, 0x66, 0x66, 0x66, 0x66, 0x66, 0x96, 0x66, 0x66, 0x66, 0x66, 0x66, 0x66
    db 0x66, 0x66, 0x96, 0x66, 0x66, 0x66, 0x66, 0x66, 0x66, 0x66, 0x66, 0x96, 0x66, 0x66, 0x66, 0x66
    db 0x66, 0x66, 0x66, 0x66, 0x96, 0x66, 0x66, 0x66, 0x66, 0x66, 0x66, 0x66, 0x66, 0x96, 0x66, 0x66
    db 0x66, 0x66, 0x66, 0x66, 0x66, 0x66, 0x96, 0x66, 0x66, 0x66, 0x66, 0x66, 0x66, 0x66, 0x66, 0x96
    db 0x66, 0x66, 0x66, 0x66, 0x66, 0x66, 0x66, 0x66, 0x96, 0x66, 0x66, 0x66, 0x66, 0x66, 0x66, 0x66
    db 0x66, 0x96, 0x66, 0x66, 0x66, 0x66, 0x66, 0x66, 0x66, 0x66, 0x96, 0x66, 0x66, 0x66, 0x66, 0x66
    db 0x66, 0x66, 0x66, 0x96, 0x66, 0x66, 0x66, 0x66, 0x66, 0x66, 0x66, 0x66, 0x97, 0x77, 0x77, 0x77
    db 0x77, 0x77, 0x77, 0x77, 0x77, 0x97, 0x77, 0x77, 0x77, 0x77, 0x77, 0x77, 0x77, 0x77, 0x97, 0x77
    db 0x77, 0x77, 0x77, 0x77, 0x77, 0x77, 0x77, 0x97, 0x77, 0x77, 0x77, 0x77, 0x77, 0x77, 0x77, 0x77
    db 0x44, 0x44, 0x44, 0x44, 0x49, 0x44, 0x44, 0x44, 0x44, 0x44, 0x44, 0x44, 0x44, 0x49, 0x44, 0x44
    db 0x44, 0x44, 0x44, 0x44, 0x44, 0x44, 0x49, 0x44, 0x44, 0x44, 0x44, 0x44, 0x44, 0x44, 0x44, 0x49
    db 0x44, 0x44, 0x44, 0x44, 0x66, 0x66, 0x66, 0x66, 0x69, 0x66, 0x66, 0x66, 0x66, 0x66, 0x66, 0x66
    db 0x66, 0x69, 0x66, 0x66, 0x66, 0x66, 0x66, 0x66, 0x66, 0x66, 0x69, 0x66, 0x66, 0x66, 0x66, 0x66
    db 0x66, 0x66, 0x66, 0x69, 0x66, 0x66, 0x66, 0x66, 0x66, 0x66, 0x66, 0x66, 0x69, 0x66, 0x66, 0x66
    db 0x66, 0x66, 0x66, 0x66, 0x66, 0x69, 0x66, 0x66, 0x66, 0x66, 0x66, 0x66, 0x66, 0x66, 0x69, 0x66
    db 0x66, 0x66, 0x66, 0x66, 0x66, 0x66, 0x66, 0x69, 0x66, 0x66, 0x66, 0x66, 0x66, 0x66, 0x66, 0x66
    db 0x69, 0x66, 0x66, 0x66, 0x66, 0x66, 0x66, 0x66, 0x66, 0x69, 0x66, 0x66, 0x66, 0x66, 0x66, 0x66
    db 0x66, 0x66, 0x69, 0x66, 0x66, 0x66, 0x66, 0x66, 0x66, 0x66, 0x66, 0x69, 0x66, 0x66, 0x66, 0x66
    db 0x66, 0x66, 0x66, 0x66, 0x69, 0x66, 0x66, 0x66, 0x66, 0x66, 0x66, 0x66, 0x66, 0x69, 0x66, 0x66
    db 0x66, 0x66, 0x66, 0x66, 0x66, 0x66, 0x69, 0x66, 0x66, 0x66, 0x66, 0x66, 0x66, 0x66, 0x66, 0x69
    db 0x66, 0x66, 0x66, 0x66, 0x66, 0x66, 0x66, 0x66, 0x69, 0x66, 0x66, 0x66, 0x66, 0x66, 0x66, 0x66
    db 0x66, 0x69, 0x66, 0x66, 0x66, 0x66, 0x66, 0x66, 0x66, 0x66, 0x69, 0x66, 0x66, 0x66, 0x66, 0x66
    db 0x66, 0x66, 0x66, 0x69, 0x66, 0x66, 0x66, 0x66, 0x66, 0x66, 0x66, 0x66, 0x69, 0x66, 0x66, 0x66
    db 0x66, 0x66, 0x66, 0x66, 0x66, 0x69, 0x66, 0x66, 0x66, 0x66, 0x66, 0x66, 0x66, 0x66, 0x69, 0x66
    db 0x66, 0x66, 0x66, 0x66, 0x66, 0x66, 0x66, 0x69, 0x66, 0x66, 0x66, 0x66, 0x66, 0x66, 0x66, 0x66
    db 0x69, 0x66, 0x66, 0x66, 0x66, 0x66, 0x66, 0x66, 0x66, 0x69, 0x66, 0x66, 0x66, 0x66, 0x66, 0x66
    db 0x66, 0x66, 0x69, 0x66, 0x66, 0x66, 0x66, 0x66, 0x66, 0x66, 0x66, 0x69, 0x66, 0x66, 0x66, 0x66
    db 0x77, 0x77, 0x77, 0x77, 0x79, 0x77, 0x77, 0x77, 0x77, 0x77, 0x77, 0x77, 0x77, 0x79, 0x77, 0x77
    db 0x77, 0x77, 0x77, 0x77, 0x77, 0x77, 0x79, 0x77, 0x77, 0x77, 0x77, 0x77, 0x77, 0x77, 0x77, 0x79
    db 0x77, 0x77, 0x77, 0x77, 0x94, 0x44, 0x44, 0x44, 0x44, 0x44, 0x44, 0x44, 0x44, 0x94, 0x44, 0x44
    db 0x44, 0x44, 0x44, 0x44, 0x44, 0x44, 0x94, 0x44, 0x44, 0x44, 0x44, 0x44, 0x44, 0x44, 0x44, 0x94
    db 0x44, 0x44, 0x44, 0x44, 0x44, 0x44, 0x44, 0x44, 0x96, 0x66, 0x66, 0x66, 0x66, 0x66, 0x66, 0x66
    db 0x66, 0x96, 0x66, 0x66, 0x66, 0x66, 0x66, 0x66, 0x66, 0x66, 0x96, 0x66, 0x66, 0x66, 0x66, 0x66
    db 0x66, 0x66, 0x66, 0x96, 0x66, 0x66, 0x66, 0x66, 0x66, 0x66, 0x66, 0x66, 0x96, 0x66, 0x66, 0x66
    db 0x66, 0x66, 0x66, 0x66, 0x66, 0x96, 0x66, 0x66, 0x66, 0x66, 0x66, 0x66, 0x66, 0x66, 0x96, 0x66
    db 0x66, 0x66, 0x66, 0x66, 0x66, 0x66, 0x66, 0x96, 0x66, 0x66, 0x66, 0x66, 0x66, 0x66, 0x66, 0x66
    db 0x96, 0x66, 0x66, 0x66, 0x66, 0x66, 0x66, 0x66, 0x66, 0x96, 0x66, 0x66, 0x66, 0x66, 0x66, 0x66
    db 0x66, 0x66, 0x96, 0x66, 0x66, 0x66, 0x66, 0x66, 0x66, 0x66, 0x66, 0x96, 0x66, 0x66, 0x66, 0x66
    db 0x66, 0x66, 0x66, 0x66, 0x96, 0x66, 0x66, 0x66, 0x66, 0x66, 0x66, 0x66, 0x66, 0x96, 0x66, 0x66
    db 0x66, 0x66, 0x66, 0x66, 0x66, 0x66, 0x96, 0x66, 0x66, 0x66, 0x66, 0x66, 0x66, 0x66, 0x66, 0x96
    db 0x66, 0x66, 0x66, 0x66, 0x66, 0x66, 0x66, 0x66, 0x96, 0x66, 0x66, 0x66, 0x66, 0x66, 0x66, 0x66
    db 0x66, 0x96, 0x66, 0x66, 0x66, 0x66, 0x66, 0x66, 0x66, 0x66, 0x96, 0x66, 0x66, 0x66, 0x66, 0x66
    db 0x66, 0x66, 0x66, 0x96, 0x66, 0x66, 0x66, 0x66, 0x66, 0x66, 0x66, 0x66, 0x96, 0x66, 0x66, 0x66
    db 0x66, 0x66, 0x66, 0x66, 0x66, 0x96, 0x66, 0x66, 0x66, 0x66, 0x66, 0x66, 0x66, 0x66, 0x96, 0x66
    db 0x66, 0x66, 0x66, 0x66, 0x66, 0x66, 0x66, 0x96, 0x66, 0x66, 0x66, 0x66, 0x66, 0x66, 0x66, 0x66
    db 0x96, 0x66, 0x66, 0x66, 0x66, 0x66, 0x66, 0x66, 0x66, 0x96, 0x66, 0x66, 0x66, 0x66, 0x66, 0x66
    db 0x66, 0x66, 0x96, 0x66, 0x66, 0x66, 0x66, 0x66, 0x66, 0x66, 0x66, 0x96, 0x66, 0x66, 0x66, 0x66
    db 0x66, 0x66, 0x66, 0x66, 0x97, 0x77, 0x77, 0x77, 0x77, 0x77, 0x77, 0x77, 0x77, 0x97, 0x77, 0x77
    db 0x77, 0x77, 0x77, 0x77, 0x77, 0x77, 0x97, 0x77, 0x77, 0x77, 0x77, 0x77, 0x77, 0x77, 0x77, 0x97
    db 0x77, 0x77, 0x77, 0x77, 0x77, 0x77, 0x77, 0x77, 0x44, 0x44, 0x44, 0x44, 0x49, 0x44, 0x44, 0x44
    db 0x44, 0x44, 0x44, 0x44, 0x44, 0x49, 0x44, 0x44, 0x44, 0x44, 0x44, 0x44, 0x44, 0x44, 0x49, 0x44
    db 0x44, 0x44, 0x44, 0x44, 0x44, 0x44, 0x44, 0x49, 0x44, 0x44, 0x44, 0x44, 0x66, 0x66, 0x66, 0x66
    db 0x69, 0x66, 0x66, 0x66, 0x66, 0x66, 0x66, 0x66, 0x66, 0x69, 0x66, 0x66, 0x66, 0x66, 0x66, 0x66
    db 0x66, 0x66, 0x69, 0x66, 0x66, 0x66, 0x66, 0x66, 0x66, 0x66, 0x66, 0x69, 0x66, 0x66, 0x66, 0x66
    db 0x66, 0x66, 0x66, 0x66, 0x69, 0x66, 0x66, 0x66, 0x66, 0x66, 0x66, 0x66, 0x66, 0x69, 0x66, 0x66
    db 0x66, 0x66, 0x66, 0x66, 0x66, 0x66, 0x69, 0x66, 0x66, 0x66, 0x66, 0x66, 0x66, 0x66, 0x66, 0x69
    db 0x66, 0x66, 0x66, 0x66, 0x66, 0x66, 0x66, 0x66, 0x69, 0x66, 0x66, 0x66, 0x66, 0x66, 0x66, 0x66
    db 0x66, 0x69, 0x66, 0x66, 0x66, 0x66, 0x66, 0x66, 0x66, 0x66, 0x69, 0x66, 0x66, 0x66, 0x66, 0x66
    db 0x66, 0x66, 0x66, 0x69, 0x66, 0x66, 0x66, 0x66, 0x66, 0x66, 0x66, 0x66, 0x69, 0x66, 0x66, 0x66
    db 0x66, 0x66, 0x66, 0x66, 0x66, 0x69, 0x66, 0x66, 0x66, 0x66, 0x66, 0x66, 0x66, 0x66, 0x69, 0x66
    db 0x66, 0x66, 0x66, 0x66, 0x66, 0x66, 0x66, 0x69, 0x66, 0x66, 0x66, 0x66, 0x66, 0x66, 0x66, 0x66
    db 0x69, 0x66, 0x66, 0x66, 0x66, 0x66, 0x66, 0x66, 0x66, 0x69, 0x66, 0x66, 0x66, 0x66, 0x66, 0x66
    db 0x66, 0x66, 0x69, 0x66, 0x66, 0x66, 0x66, 0x66, 0x66, 0x66, 0x66, 0x69, 0x66, 0x66, 0x66, 0x66
    db 0x66, 0x66, 0x66, 0x66, 0x69, 0x66, 0x66, 0x66, 0x66, 0x66, 0x66, 0x66, 0x66, 0x69, 0x66, 0x66
    db 0x66, 0x66, 0x66, 0x66, 0x66, 0x66, 0x69, 0x66, 0x66, 0x66, 0x66, 0x66, 0x66, 0x66, 0x66, 0x69
    db 0x66, 0x66, 0x66, 0x66, 0x66, 0x66, 0x66, 0x66, 0x69, 0x66, 0x66, 0x66, 0x66, 0x66, 0x66, 0x66
    db 0x66, 0x69, 0x66, 0x66, 0x66, 0x66, 0x66, 0x66, 0x66, 0x66, 0x69, 0x66, 0x66, 0x66, 0x66, 0x66
    db 0x66, 0x66, 0x66, 0x69, 0x66, 0x66, 0x66, 0x66, 0x77, 0x77, 0x77, 0x77, 0x79, 0x77, 0x77, 0x77
    db 0x77, 0x77, 0x77, 0x77, 0x77, 0x79, 0x77, 0x77, 0x77, 0x77, 0x77, 0x77, 0x77, 0x77, 0x79, 0x77
    db 0x77, 0x77, 0x77, 0x77, 0x77, 0x77, 0x77, 0x79, 0x77, 0x77, 0x77, 0x77, 0x94, 0x44, 0x44, 0x44
    db 0x44, 0x44, 0x44, 0x44, 0x44, 0x94, 0x44, 0x44, 0x44, 0x44, 0x44, 0x44, 0x44, 0x44, 0x94, 0x44
    db 0x44, 0x44, 0x44, 0x44, 0x44, 0x44, 0x44, 0x94, 0x44, 0x44, 0x44, 0x44, 0x44, 0x44, 0x44, 0x44
    db 0x96, 0x66, 0x66, 0x66, 0x66, 0x66, 0x66, 0x66, 0x66, 0x96, 0x66, 0x66, 0x66, 0x66, 0x66, 0x66
    db 0x66, 0x66, 0x96, 0x66, 0x66, 0x66, 0x66, 0x66, 0x66, 0x66, 0x66, 0x96, 0x66, 0x66, 0x66, 0x66
    db 0x66, 0x66, 0x66, 0x66, 0x96, 0x66, 0x66, 0x66, 0x66, 0x66, 0x66, 0x66, 0x66, 0x96, 0x66, 0x66
    db 0x66, 0x66, 0x66, 0x66, 0x66, 0x66, 0x96, 0x66, 0x66, 0x66, 0x66, 0x66, 0x66, 0x66, 0x66, 0x96
    db 0x66, 0x66, 0x66, 0x66, 0x66, 0x66, 0x66, 0x66, 0x96, 0x66, 0x66, 0x66, 0x66, 0x66, 0x66, 0x66
    db 0x66, 0x96, 0x66, 0x66, 0x66, 0x66, 0x66, 0x66, 0x66, 0x66, 0x96, 0x66, 0x66, 0x66, 0x66, 0x66
    db 0x66, 0x66, 0x66, 0x96, 0x66, 0x66, 0x66, 0x66, 0x66, 0x66, 0x66, 0x66, 0x96, 0x66, 0x66, 0x66
    db 0x66, 0x66, 0x66, 0x66, 0x66, 0x96, 0x66, 0x66, 0x66, 0x66, 0x66, 0x66, 0x66, 0x66, 0x96, 0x66
    db 0x66, 0x66, 0x66, 0x66, 0x66, 0x66, 0x66, 0x96, 0x66, 0x66, 0x66, 0x66, 0x66, 0x66, 0x66, 0x66
    db 0x96, 0x66, 0x66, 0x66, 0x66, 0x66, 0x66, 0x66, 0x66, 0x96, 0x66, 0x66, 0x66, 0x66, 0x66, 0x66
    db 0x66, 0x66, 0x96, 0x66, 0x66, 0x66, 0x66, 0x66, 0x66, 0x66, 0x66, 0x96, 0x66, 0x66, 0x66, 0x66
    db 0x66, 0x66, 0x66, 0x66, 0x96, 0x66, 0x66, 0x66, 0x66, 0x66, 0x66, 0x66, 0x66, 0x96, 0x66, 0x66
    db 0x66, 0x66, 0x66, 0x66, 0x66, 0x66, 0x96, 0x66, 0x66, 0x66, 0x66, 0x66, 0x66, 0x66, 0x66, 0x96
    db 0x66, 0x66, 0x66, 0x66, 0x66, 0x66, 0x66, 0x66, 0x96, 0x66, 0x66, 0x66, 0x66, 0x66, 0x66, 0x66
    db 0x66, 0x96, 0x66, 0x66, 0x66, 0x66, 0x66, 0x66, 0x66, 0x66, 0x96, 0x66, 0x66, 0x66, 0x66, 0x66
    db 0x66, 0x66, 0x66, 0x96, 0x66, 0x66, 0x66, 0x66, 0x66, 0x66, 0x66, 0x66, 0x97, 0x77, 0x77, 0x77
    db 0x77, 0x77, 0x77, 0x77, 0x77, 0x97, 0x77, 0x77, 0x77, 0x77, 0x77, 0x77, 0x77, 0x77, 0x97, 0x77
    db 0x77, 0x77, 0x77, 0x77, 0x77, 0x77, 0x77, 0x97, 0x77, 0x77, 0x77, 0x77, 0x77, 0x77, 0x77, 0x77
    db 0x44, 0x44, 0x44, 0x44, 0x49, 0x44, 0x44, 0x44, 0x44, 0x44, 0x44, 0x44, 0x44, 0x49, 0x44, 0x44
    db 0x44, 0x44, 0x44, 0x44, 0x44, 0x44, 0x49, 0x44, 0x44, 0x44, 0x44, 0x44, 0x44, 0x44, 0x44, 0x49
    db 0x44, 0x44, 0x44, 0x44, 0x66, 0x66, 0x66, 0x66, 0x69, 0x66, 0x66, 0x66, 0x66, 0x66, 0x66, 0x66
    db 0x66, 0x69, 0x66, 0x66, 0x66, 0x66, 0x66, 0x66, 0x66, 0x66, 0x69, 0x66, 0x66, 0x66, 0x66, 0x66
    db 0x66, 0x66, 0x66, 0x69, 0x66, 0x66, 0x66, 0x66, 0x66, 0x66, 0x66, 0x66, 0x69, 0x66, 0x66, 0x66
    db 0x66, 0x66, 0x66, 0x66, 0x66, 0x69, 0x66, 0x66, 0x66, 0x66, 0x66, 0x66, 0x66, 0x66, 0x69, 0x66
    db 0x66, 0x66, 0x66, 0x66, 0x66, 0x66, 0x66, 0x69, 0x66, 0x66, 0x66, 0x66, 0x66, 0x66, 0x66, 0x66
    db 0x69, 0x66, 0x66, 0x66, 0x66, 0x66, 0x66, 0x66, 0x66, 0x69, 0x66, 0x66, 0x66, 0x66, 0x66, 0x66
    db 0x66, 0x66, 0x69, 0x66, 0x66, 0x66, 0x66, 0x66, 0x66, 0x66, 0x66, 0x69, 0x66, 0x66, 0x66, 0x66
    db 0x66, 0x66, 0x66, 0x66, 0x69, 0x66, 0x66, 0x66, 0x66, 0x66, 0x66, 0x66, 0x66, 0x69, 0x66, 0x66
    db 0x66, 0x66, 0x66, 0x66, 0x66, 0x66, 0x69, 0x66, 0x66, 0x66, 0x66, 0x66, 0x66, 0x66, 0x66, 0x69
    db 0x66, 0x66, 0x66, 0x66, 0x66, 0x66, 0x66, 0x66, 0x69, 0x66, 0x66, 0x66, 0x66, 0x66, 0x66, 0x66
    db 0x66, 0x69, 0x66, 0x66, 0x66, 0x66, 0x66, 0x66, 0x66, 0x66, 0x69, 0x66, 0x66, 0x66, 0x66, 0x66
    db 0x66, 0x66, 0x66, 0x69, 0x66, 0x66, 0x66, 0x66, 0x66, 0x66, 0x66, 0x66, 0x69, 0x66, 0x66, 0x66
    db 0x66, 0x66, 0x66, 0x66, 0x66, 0x69, 0x66, 0x66, 0x66, 0x66, 0x66, 0x66, 0x66, 0x66, 0x69, 0x66
    db 0x66, 0x66, 0x66, 0x66, 0x66, 0x66, 0x66, 0x69, 0x66, 0x66, 0x66, 0x66, 0x66, 0x66, 0x66, 0x66
    db 0x69, 0x66, 0x66, 0x66, 0x66, 0x66, 0x66, 0x66, 0x66, 0x69, 0x66, 0x66, 0x66, 0x66, 0x66, 0x66
    db 0x66, 0x66, 0x69, 0x66, 0x66, 0x66, 0x66, 0x66, 0x66, 0x66, 0x66, 0x69, 0x66, 0x66, 0x66, 0x66
    db 0x77, 0x77, 0x77, 0x77, 0x79, 0x77, 0x77, 0x77, 0x77, 0x77, 0x77, 0x77, 0x77, 0x79, 0x77, 0x77
    db 0x77, 0x77, 0x77, 0x77, 0x77, 0x77, 0x79, 0x77, 0x77, 0x77, 0x77, 0x77, 0x77, 0x77, 0x77, 0x79
    db 0x77, 0x77, 0x77, 0x77, 0x94, 0x44, 0x44, 0x44, 0x44, 0x44, 0x44, 0x44, 0x44, 0x94, 0x44, 0x44
    db 0x44, 0x44, 0x44, 0x44, 0x44, 0x44, 0x94, 0x44, 0x44, 0x44, 0x44, 0x44, 0x44, 0x44, 0x44, 0x94
    db 0x44, 0x44, 0x44, 0x44, 0x44, 0x44, 0x44, 0x44
Front2:
    db 0x26, 0x25, 0x17, 0x12, 0x96, 0x66, 0x66, 0x66, 0x69, 0x66, 0x66, 0x66, 0x66, 0x96, 0x66, 0x66
    db 0x66, 0x69, 0x66, 0x66, 0x66, 0x66, 0x97, 0x77, 0x77, 0x77, 0x79, 0x77, 0x77, 0x77, 0x77, 0x97
    db 0x77, 0x77, 0x77, 0x79, 0x77, 0x77, 0x77, 0x77, 0x97, 0x77, 0x77, 0x77, 0x79, 0x77, 0x77, 0x77
    db 0x77, 0x97, 0x77, 0x77, 0x77, 0x79, 0x77, 0x77, 0x77, 0x77, 0x97, 0x77, 0x77, 0x77, 0x79, 0x77
    db 0x77, 0x77, 0x77, 0x97, 0x77, 0x77, 0x77, 0x79, 0x77, 0x77, 0x77, 0x77, 0x98, 0x88, 0x88, 0x88
    db 0x89, 0x88, 0x88, 0x88, 0x88, 0x98, 0x88, 0x88, 0x88, 0x89, 0x88, 0x88, 0x88, 0x88, 0x77, 0x77
    db 0x77, 0x77, 0x77, 0x77, 0x77, 0x77, 0x77, 0x77, 0x77, 0x77, 0x77, 0x77, 0x77, 0x77, 0x77, 0x77
    db 0x77, 0x77, 0x77, 0x77, 0x77, 0x77, 0x77, 0x77, 0x77, 0x77, 0x77, 0x77, 0x77, 0x77, 0x77, 0x77
    db 0x77, 0x77, 0x77, 0x77, 0x77, 0x77, 0x77, 0x77, 0x77, 0x77, 0x77, 0x77, 0x77, 0x77, 0x77, 0x77
    db 0x77, 0x77, 0x77, 0x77, 0x77, 0x77, 0x77, 0x77, 0x77, 0x77, 0x77, 0x77, 0x77, 0x77, 0x77, 0x77
    db 0x77, 0x77, 0x77, 0x77, 0x77, 0x77, 0x96, 0x66, 0x66, 0x66, 0x69, 0x66, 0x66, 0x66, 0x66, 0x96
    db 0x66, 0x66, 0x66, 0x69, 0x66, 0x66, 0x66, 0x66, 0x97, 0x77, 0x77, 0x77, 0x79, 0x77, 0x77, 0x77
    db 0x77, 0x97, 0x77, 0x77, 0x77, 0x79, 0x77, 0x77, 0x77, 0x77, 0x97, 0x77, 0x77, 0x77, 0x79, 0x77
    db 0x77, 0x77, 0x77, 0x97, 0x77, 0x77, 0x77, 0x79, 0x77, 0x77, 0x77, 0x77, 0x97, 0x77, 0x77, 0x77
    db 0x79, 0x77, 0x77, 0x77, 0x77, 0x97, 0x77, 0x77, 0x77, 0x79, 0x77, 0x77, 0x77, 0x77, 0x98, 0x88
    db 0x88, 0x88, 0x89, 0x88, 0x88, 0x88, 0x88, 0x98, 0x88, 0x88, 0x88, 0x89, 0x88, 0x88, 0x88, 0x88
    db 0x77, 0x77, 0x77, 0x77, 0x77, 0x77, 0x77, 0x77, 0x77, 0x77, 0x77, 0x77, 0x77, 0x77, 0x77, 0x77
    db 0x77, 0x77, 0x77, 0x77, 0x77, 0x77, 0x77, 0x77, 0x77, 0x77, 0x77, 0x77, 0x77, 0x77, 0x77, 0x77
    db 0x77, 0x77, 0x77, 0x77, 0x77, 0x77, 0x77, 0x77, 0x77, 0x77, 0x77, 0x77, 0x77, 0x77, 0x77, 0x77
    db 0x77, 0x77, 0x77, 0x77, 0x77, 0x77, 0x77, 0x77, 0x77, 0x77, 0x77, 0x77, 0x77, 0x77, 0x77, 0x77
    db 0x77, 0x77, 0x77, 0x77, 0x77, 0x77, 0x77, 0x77, 0x96, 0x66, 0x66, 0x66, 0x69, 0x66, 0x66, 0x66
    db 0x66, 0x96, 0x66, 0x66, 0x66, 0x69, 0x66, 0x66, 0x66, 0x66, 0x97, 0x77, 0x77, 0x77, 0x79, 0x77
    db 0x77, 0x77, 0x77, 0x97, 0x77, 0x77, 0x77, 0x79, 0x77, 0x77, 0x77, 0x77, 0x97, 0x77, 0x77, 0x77
    db 0x79, 0x77, 0x77, 0x77, 0x77, 0x97, 0x77, 0x77, 0x77, 0x79, 0x77, 0x77, 0x77, 0x77, 0x97, 0x77
    db 0x77, 0x77, 0x79, 0x77, 0x77, 0x77, 0x77, 0x97, 0x77, 0x77, 0x77, 0x79, 0x77, 0x77, 0x77, 0x77
    db 0x98, 0x88, 0x88, 0x88, 0x89, 0x88, 0x88, 0x88, 0x88, 0x98, 0x88, 0x88, 0x88, 0x89, 0x88, 0x88
    db 0x88, 0x88, 0x77, 0x77, 0x77, 0x77, 0x77, 0x77, 0x77, 0x77, 0x77, 0x77, 0x77, 0x77, 0x77, 0x77
    db 0x77, 0x77, 0x77, 0x77, 0x77, 0x77, 0x77, 0x77, 0x77, 0x77, 0x77, 0x77, 0x77, 0x77, 0x77, 0x77
    db 0x77, 0x77, 0x77, 0x77, 0x77, 0x77, 0x77, 0x77, 0x77, 0x77, 0x77, 0x77, 0x77, 0x77, 0x77, 0x77
    db 0x77, 0x77, 0x77, 0x77, 0x77, 0x77, 0x77, 0x77, 0x77, 0x77, 0x77, 0x77, 0x77, 0x77, 0x77, 0x77
    db 0x77, 0x77, 0x77, 0x77, 0x77, 0x77, 0x77, 0x77, 0x77, 0x77, 0x96, 0x66, 0x66, 0x66, 0x69, 0x66
    db 0x66, 0x66, 0x66, 0x96, 0x66, 0x66, 0x66, 0x69, 0x66, 0x66, 0x66, 0x66, 0x97, 0x77, 0x77, 0x77
    db 0x79, 0x77, 0x77, 0x77, 0x77, 0x97, 0x77, 0x77, 0x77, 0x79, 0x77, 0x77, 0x77, 0x77, 0x97, 0x77
    db 0x77, 0x77, 0x79, 0x77, 0x77, 0x77, 0x77, 0x97, 0x77, 0x77, 0x77, 0x79, 0x77, 0x77, 0x77, 0x77
    db 0x97, 0x77, 0x77, 0x77, 0x79, 0x77, 0x77, 0x77, 0x77, 0x97, 0x77, 0x77, 0x77, 0x79, 0x77, 0x77
    db 0x77, 0x77, 0x98, 0x88, 0x88, 0x88, 0x89, 0x88, 0x88, 0x88, 0x88, 0x98, 0x88, 0x88, 0x88, 0x89
    db 0x88, 0x88, 0x88, 0x88, 0x77, 0x77, 0x77, 0x77, 0x77, 0x77, 0x77, 0x77, 0x77, 0x77, 0x77, 0x77
    db 0x77, 0x77, 0x77, 0x77, 0x77, 0x77, 0x77, 0x77, 0x77, 0x77, 0x77, 0x77, 0x77, 0x77, 0x77, 0x77
    db 0x77, 0x77, 0x77, 0x77, 0x77, 0x77, 0x77, 0x77, 0x77, 0x77, 0x77, 0x77, 0x77, 0x77, 0x77, 0x77
    db 0x77, 0x77, 0x77, 0x77, 0x77, 0x77, 0x77, 0x77, 0x77, 0x77, 0x77, 0x77, 0x77, 0x77, 0x77, 0x77
    db 0x77, 0x77, 0x77, 0x77, 0x77, 0x77, 0x77, 0x77, 0x77, 0x77, 0x77, 0x77, 0x96, 0x66, 0x66, 0x66
    db 0x69, 0x66, 0x66, 0x66, 0x66, 0x96, 0x66, 0x66, 0x66, 0x69, 0x66, 0x66, 0x66, 0x66
Front3:
    db 0x2C, 0x19, 0x1A, 0x0C, 0x97, 0x77, 0x77, 0x97, 0x77, 0x77, 0x97, 0x77, 0x77, 0x97, 0x77, 0x77
    db 0x98, 0x88, 0x88, 0x98, 0x88, 0x88, 0x98, 0x88, 0x88, 0x98, 0x88, 0x88, 0x98, 0x88, 0x88, 0x98
    db 0x88, 0x88, 0x98, 0x88, 0x88, 0x98, 0x88, 0x88, 0x77, 0x79, 0x77, 0x77, 0x79, 0x77, 0x77, 0x79
    db 0x77, 0x77, 0x79, 0x77, 0x88, 0x89, 0x88, 0x88, 0x89, 0x88, 0x88, 0x89, 0x88, 0x88, 0x89, 0x88
    db 0x88, 0x89, 0x88, 0x88, 0x89, 0x88, 0x88, 0x89, 0x88, 0x88, 0x89, 0x88, 0x97, 0x77, 0x77, 0x97
    db 0x77, 0x77, 0x97, 0x77, 0x77, 0x97, 0x77, 0x77, 0x98, 0x88, 0x88, 0x98, 0x88, 0x88, 0x98, 0x88
    db 0x88, 0x98, 0x88, 0x88, 0x98, 0x88, 0x88, 0x98, 0x88, 0x88, 0x98, 0x88, 0x88, 0x98, 0x88, 0x88
    db 0x77, 0x79, 0x77, 0x77, 0x79, 0x77, 0x77, 0x79, 0x77, 0x77, 0x79, 0x77, 0x88, 0x89, 0x88, 0x88
    db 0x89, 0x88, 0x88, 0x89, 0x88, 0x88, 0x89, 0x88, 0x88, 0x89, 0x88, 0x88, 0x89, 0x88, 0x88, 0x89
    db 0x88, 0x88, 0x89, 0x88, 0x97, 0x77, 0x77, 0x97, 0x77, 0x77, 0x97, 0x77, 0x77, 0x97, 0x77, 0x77
    db 0x98, 0x88, 0x88, 0x98, 0x88, 0x88, 0x98, 0x88, 0x88, 0x98, 0x88, 0x88, 0x98, 0x88, 0x88, 0x98
    db 0x88, 0x88, 0x98, 0x88, 0x88, 0x98, 0x88, 0x88, 0x77, 0x79, 0x77, 0x77, 0x79, 0x77, 0x77, 0x79
    db 0x77, 0x77, 0x79, 0x77, 0x88, 0x89, 0x88, 0x88, 0x89, 0x88, 0x88, 0x89, 0x88, 0x88, 0x89, 0x88
    db 0x88, 0x89, 0x88, 0x88, 0x89, 0x88, 0x88, 0x89, 0x88, 0x88, 0x89, 0x88, 0x97, 0x77, 0x77, 0x97
    db 0x77, 0x77, 0x97, 0x77, 0x77, 0x97, 0x77, 0x77, 0x98, 0x88, 0x88, 0x98, 0x88, 0x88, 0x98, 0x88
    db 0x88, 0x98, 0x88, 0x88, 0x98, 0x88, 0x88, 0x98, 0x88, 0x88, 0x98, 0x88, 0x88, 0x98, 0x88, 0x88
    db 0x77, 0x79, 0x77, 0x77, 0x79, 0x77, 0x77, 0x79, 0x77, 0x77, 0x79, 0x77, 0x88, 0x89, 0x88, 0x88
    db 0x89, 0x88, 0x88, 0x89, 0x88, 0x88, 0x89, 0x88, 0x88, 0x89, 0x88, 0x88, 0x89, 0x88, 0x88, 0x89
    db 0x88, 0x88, 0x89, 0x88, 0x97, 0x77, 0x77, 0x97, 0x77, 0x77, 0x97, 0x77, 0x77, 0x97, 0x77, 0x77
Front4:
    db 0x2F, 0x13, 0x1B, 0x0A, 0x89, 0x88, 0x88, 0x88, 0x88, 0x98, 0x88, 0x88, 0x88, 0x89, 0x89, 0x88
    db 0x88, 0x88, 0x88, 0x98, 0x88, 0x88, 0x88, 0x89, 0xA9, 0xAA, 0xAA, 0xAA, 0xAA, 0x9A, 0xAA, 0xAA
    db 0xAA, 0xA9, 0x88, 0x88, 0x88, 0x88, 0x88, 0x88, 0x88, 0x88, 0x88, 0x88, 0x88, 0x88, 0x88, 0x88
    db 0x88, 0x88, 0x88, 0x88, 0x88, 0x88, 0x89, 0x88, 0x88, 0x88, 0x88, 0x98, 0x88, 0x88, 0x88, 0x89
    db 0x89, 0x88, 0x88, 0x88, 0x88, 0x98, 0x88, 0x88, 0x88, 0x89, 0x88, 0x88, 0x88, 0x88, 0x88, 0x88
    db 0x88, 0x88, 0x88, 0x88, 0x88, 0x88, 0x88, 0x88, 0x88, 0x88, 0x88, 0x88, 0x88, 0x88, 0x89, 0x88
    db 0x88, 0x88, 0x88, 0x98, 0x88, 0x88, 0x88, 0x89, 0x89, 0x88, 0x88, 0x88, 0x88, 0x98, 0x88, 0x88
    db 0x88, 0x89, 0xA9, 0xAA, 0xAA, 0xAA, 0xAA, 0x9A, 0xAA, 0xAA, 0xAA, 0xA9, 0x88, 0x88, 0x88, 0x88
    db 0x88, 0x88, 0x88, 0x88, 0x88, 0x88, 0x88, 0x88, 0x88, 0x88, 0x88, 0x88, 0x88, 0x88, 0x88, 0x88
    db 0x89, 0x88, 0x88, 0x88, 0x88, 0x98, 0x88, 0x88, 0x88, 0x89, 0x89, 0x88, 0x88, 0x88, 0x88, 0x98
    db 0x88, 0x88, 0x88, 0x89, 0x88, 0x88, 0x88, 0x88, 0x88, 0x88, 0x88, 0x88, 0x88, 0x88, 0x88, 0x88
    db 0x88, 0x88, 0x88, 0x88, 0x88, 0x88, 0x88, 0x88, 0x89, 0x88, 0x88, 0x88, 0x88, 0x98, 0x88, 0x88
    db 0x88, 0x89

; 16x16 던전 맵. 1 = 벽, 0 = 통로. 인덱스는 (y<<4)|x 라 8비트로 끝난다.
MapData:
    db 0x01, 0x01, 0x01, 0x01, 0x01, 0x01, 0x01, 0x01, 0x01, 0x01, 0x01, 0x01, 0x01, 0x01, 0x01, 0x01
    db 0x01, 0x00, 0x00, 0x00, 0x00, 0x00, 0x00, 0x00, 0x00, 0x00, 0x00, 0x00, 0x00, 0x00, 0x00, 0x01
    db 0x01, 0x00, 0x01, 0x01, 0x01, 0x01, 0x00, 0x01, 0x01, 0x01, 0x01, 0x01, 0x00, 0x01, 0x00, 0x01
    db 0x01, 0x00, 0x01, 0x00, 0x00, 0x01, 0x00, 0x00, 0x00, 0x00, 0x00, 0x01, 0x00, 0x01, 0x00, 0x01
    db 0x01, 0x00, 0x01, 0x00, 0x01, 0x01, 0x00, 0x01, 0x01, 0x01, 0x00, 0x01, 0x00, 0x01, 0x00, 0x01
    db 0x01, 0x00, 0x01, 0x00, 0x00, 0x00, 0x00, 0x01, 0x00, 0x01, 0x00, 0x00, 0x00, 0x01, 0x00, 0x01
    db 0x01, 0x00, 0x01, 0x01, 0x01, 0x01, 0x01, 0x01, 0x00, 0x01, 0x00, 0x01, 0x01, 0x01, 0x00, 0x01
    db 0x01, 0x00, 0x00, 0x00, 0x00, 0x00, 0x00, 0x00, 0x00, 0x01, 0x00, 0x01, 0x00, 0x00, 0x00, 0x01
    db 0x01, 0x00, 0x01, 0x01, 0x01, 0x01, 0x00, 0x01, 0x01, 0x01, 0x00, 0x01, 0x00, 0x01, 0x01, 0x01
    db 0x01, 0x00, 0x01, 0x00, 0x00, 0x01, 0x00, 0x00, 0x00, 0x00, 0x00, 0x01, 0x00, 0x00, 0x00, 0x01
    db 0x01, 0x00, 0x01, 0x00, 0x01, 0x01, 0x01, 0x00, 0x01, 0x01, 0x01, 0x01, 0x01, 0x00, 0x01, 0x01
    db 0x01, 0x00, 0x01, 0x00, 0x00, 0x00, 0x00, 0x00, 0x01, 0x00, 0x00, 0x00, 0x00, 0x00, 0x01, 0x01
    db 0x01, 0x00, 0x01, 0x01, 0x01, 0x01, 0x01, 0x01, 0x01, 0x00, 0x01, 0x01, 0x01, 0x00, 0x01, 0x01
    db 0x01, 0x00, 0x00, 0x00, 0x00, 0x00, 0x00, 0x00, 0x00, 0x00, 0x01, 0x00, 0x00, 0x00, 0x00, 0x01
    db 0x01, 0x00, 0x01, 0x01, 0x01, 0x01, 0x01, 0x01, 0x01, 0x00, 0x01, 0x01, 0x01, 0x01, 0x00, 0x01
    db 0x01, 0x01, 0x01, 0x01, 0x01, 0x01, 0x01, 0x01, 0x01, 0x01, 0x01, 0x01, 0x01, 0x01, 0x01, 0x01

BgRle:
    db 0x00, 0xA6, 0x89, 0x66, 0x00, 0xAA, 0x8D, 0x66, 0x01, 0x6A, 0x66, 0x82, 0x44, 0x92, 0x66, 0x00
    db 0xA6, 0x8C, 0x66, 0x02, 0x64, 0x6A, 0xA6, 0x83, 0x66, 0x01, 0x64, 0xA9, 0x93, 0x66, 0x00, 0x96
    db 0x8D, 0x66, 0x00, 0x64, 0x90, 0x66, 0x06, 0x96, 0x66, 0xA4, 0x44, 0x46, 0x66, 0x64, 0x84, 0x44
    db 0x02, 0x43, 0x6A, 0x64, 0x8B, 0x44, 0x02, 0x46, 0x66, 0x43, 0x82, 0x00, 0x00, 0x04, 0x90, 0x44
    db 0x01, 0x40, 0xA4, 0x8D, 0x44, 0x01, 0xA6, 0x64, 0x83, 0x44, 0x02, 0x43, 0x69, 0xA6, 0x91, 0x44
    db 0x01, 0x34, 0xA6, 0x88, 0x44, 0x01, 0x6A, 0x44, 0x83, 0x66, 0x02, 0x64, 0x43, 0x64, 0x8C, 0x44
    db 0x04, 0x6A, 0x6A, 0x66, 0xA6, 0x46, 0x82, 0x66, 0x01, 0x44, 0x64, 0x82, 0x44, 0x02, 0x64, 0x6A
    db 0x64, 0x8B, 0x44, 0x02, 0x6A, 0xA4, 0x40, 0x82, 0x00, 0x01, 0x04, 0x64, 0x8E, 0x44, 0x02, 0x46
    db 0x46, 0x64, 0x8C, 0x44, 0x01, 0x36, 0x96, 0x85, 0x44, 0x02, 0x06, 0xAA, 0x64, 0x90, 0x44, 0x02
    db 0x46, 0x9A, 0x64, 0x87, 0x44, 0x08, 0x4A, 0xAA, 0xA9, 0xA9, 0x99, 0xAA, 0x66, 0x66, 0x64, 0x8B
    db 0x44, 0x05, 0x66, 0xA6, 0x04, 0x44, 0xA0, 0x06, 0x82, 0x66, 0x02, 0x40, 0x06, 0x40, 0x82, 0x00
    db 0x00, 0x44, 0x82, 0x00, 0x01, 0x36, 0x30, 0x86, 0x00, 0x05, 0x33, 0x4A, 0xA6, 0x40, 0x00, 0x40
    db 0x82, 0x00, 0x04, 0x66, 0x66, 0x00, 0x00, 0x66, 0x83, 0x00, 0x01, 0x06, 0x40, 0x84, 0x00, 0x03
    db 0x04, 0x00, 0x04, 0x60, 0x86, 0x00, 0x05, 0x44, 0x43, 0x33, 0x34, 0x36, 0x64, 0x85, 0x44, 0x02
    db 0x33, 0x66, 0x64, 0x91, 0x44, 0x01, 0x66, 0x64, 0x87, 0x44, 0x00, 0x34, 0x83, 0x66, 0x02, 0x64
    db 0x46, 0x66, 0x8B, 0x44, 0x06, 0x43, 0xA9, 0xA4, 0x33, 0x33, 0xA3, 0x36, 0x82, 0x66, 0x00, 0x40
    db 0xB3, 0x99, 0x06, 0x33, 0x30, 0x44, 0x36, 0xAA, 0x64, 0x43, 0x87, 0x33, 0x01, 0x00, 0x03, 0x91
    db 0x33, 0x01, 0x00, 0x03, 0x88, 0x33, 0x86, 0x00, 0x8C, 0x33, 0x05, 0xA9, 0x64, 0x44, 0x44, 0xA6
    db 0x46, 0x82, 0x66, 0x00, 0x46, 0xB3, 0x99, 0x07, 0x44, 0x60, 0x44, 0x36, 0x66, 0xA4, 0x34, 0x30
    db 0xB8, 0x00, 0x01, 0x04, 0xA6, 0x82, 0x44, 0x01, 0xA4, 0x46, 0x82, 0x66, 0x00, 0x46, 0xB3, 0x99
    db 0x07, 0x44, 0x40, 0x46, 0x63, 0x64, 0x6A, 0x43, 0x33, 0xB8, 0x00, 0x00, 0x04, 0x83, 0x44, 0x01
    db 0xA4, 0x46, 0x82, 0x66, 0x00, 0x46, 0xB3, 0x99, 0x08, 0x44, 0x40, 0x36, 0x66, 0x99, 0x4A, 0xA4
    db 0x33, 0x30, 0xB7, 0x00, 0x00, 0x03, 0x83, 0x44, 0x01, 0xA4, 0x46, 0x82, 0x66, 0x00, 0x46, 0xB3
    db 0x99, 0x08, 0x44, 0x40, 0x44, 0x4A, 0x9A, 0xA4, 0xA4, 0x43, 0x30, 0xB7, 0x00, 0x00, 0x03, 0x83
    db 0x44, 0x01, 0xA4, 0x46, 0x83, 0x66, 0xB3, 0x99, 0x08, 0x44, 0x40, 0x64, 0x4A, 0xA0, 0x6A, 0xA4
    db 0x43, 0x30, 0xB7, 0x00, 0x00, 0x03, 0x83, 0x44, 0x00, 0xA6, 0x84, 0x66, 0xB3, 0x99, 0x08, 0x66
    db 0x64, 0x64, 0x4A, 0x94, 0xA6, 0xA4, 0x43, 0x30, 0xB7, 0x00, 0x00, 0x03, 0x83, 0x44, 0x00, 0x9A
    db 0x84, 0x66, 0xB3, 0x99, 0x08, 0xAA, 0xA6, 0xA4, 0x3A, 0x94, 0xAA, 0xA4, 0x43, 0x30, 0xB7, 0x00
    db 0x00, 0x03, 0x83, 0x44, 0x00, 0x9A, 0x84, 0x66, 0xB3, 0x99, 0x08, 0xAA, 0x60, 0x64, 0x44, 0xA6
    db 0xA6, 0xA4, 0x43, 0x30, 0xB7, 0x00, 0x00, 0x03, 0x83, 0x44, 0x01, 0xA0, 0x46, 0x83, 0x66, 0xB3
    db 0x99, 0x08, 0x00, 0x00, 0x66, 0xAA, 0x69, 0xA4, 0xA4, 0x43, 0x30, 0xB7, 0x00, 0x00, 0x03, 0x83
    db 0x44, 0x01, 0xA4, 0x46, 0x82, 0x66, 0x00, 0x46, 0xB3, 0x99, 0x08, 0x44, 0x40, 0x6A, 0x6A, 0xAA
    db 0x46, 0xA4, 0x43, 0x30, 0xB7, 0x00, 0x00, 0x03, 0x83, 0x44, 0x01, 0xA4, 0x46, 0x82, 0x66, 0x00
    db 0x46, 0xB3, 0x99, 0x08, 0x44, 0x40, 0x6A, 0xA6, 0x66, 0x4A, 0x94, 0x43, 0x30, 0xB7, 0x00, 0x00
    db 0x03, 0x83, 0x44, 0x05, 0xA4, 0x44, 0x66, 0x66, 0x64, 0x44, 0xB3, 0x99, 0x02, 0x44, 0x40, 0x6A
    db 0x82, 0xAA, 0x02, 0xA4, 0x43, 0x30, 0xB7, 0x00, 0x00, 0x03, 0x83, 0x44, 0x05, 0xA4, 0x46, 0x66
    db 0x66, 0x64, 0x44, 0xB3, 0x99, 0x02, 0x44, 0x40, 0x6A, 0x82, 0xAA, 0x02, 0x64, 0x43, 0x30, 0xB7
    db 0x00, 0x00, 0x04, 0x83, 0x44, 0x05, 0xA4, 0x44, 0x66, 0x66, 0x64, 0x44, 0xB3, 0x99, 0x02, 0x44
    db 0x40, 0x6A, 0x82, 0xAA, 0x02, 0x64, 0x43, 0x30, 0xB7, 0x00, 0x00, 0x03, 0x83, 0x44, 0x00, 0xA4
    db 0x84, 0x44, 0xB3, 0x99, 0x02, 0x44, 0x40, 0x6A, 0x82, 0xAA, 0x02, 0x64, 0x43, 0x30, 0xB7, 0x00
    db 0x00, 0x03, 0x83, 0x44, 0x00, 0x96, 0x84, 0x66, 0xB3, 0x99, 0x02, 0x66, 0x64, 0x6A, 0x82, 0xAA
    db 0x02, 0x64, 0x43, 0x30, 0xB7, 0x00, 0x00, 0x03, 0x83, 0x44, 0xBA, 0x99, 0x01, 0x63, 0x6A, 0x82
    db 0xAA, 0x02, 0x64, 0x43, 0x30, 0xB7, 0x00, 0x00, 0x03, 0x83, 0x44, 0x05, 0xA6, 0x66, 0x66, 0xA6
    db 0x66, 0x66, 0xB3, 0x99, 0x02, 0x66, 0x30, 0x6A, 0x82, 0xAA, 0x02, 0x64, 0x43, 0x30, 0xB7, 0x00
    db 0x00, 0x03, 0x83, 0x44, 0x05, 0xA0, 0x00, 0x00, 0x64, 0x00, 0x00, 0xB3, 0x99, 0x02, 0x00, 0x30
    db 0x6A, 0x82, 0xAA, 0x02, 0xA6, 0x43, 0x30, 0xB7, 0x00, 0x00, 0x03, 0x83, 0x44, 0x05, 0xA6, 0x46
    db 0x64, 0x66, 0x46, 0x66, 0xB3, 0x99, 0x02, 0x66, 0x43, 0x6A, 0x82, 0xAA, 0x02, 0x66, 0xA4, 0x30
    db 0xB7, 0x00, 0x00, 0x03, 0x83, 0x44, 0x05, 0xA4, 0x44, 0x40, 0x66, 0x44, 0x44, 0xB3, 0x99, 0x02
    db 0x44, 0x40, 0x6A, 0x82, 0xAA, 0x02, 0x64, 0x66, 0x30, 0xB7, 0x00, 0x00, 0x03, 0x83, 0x44, 0x05
    db 0xA4, 0x44, 0x43, 0x66, 0x44, 0x44, 0xB3, 0x99, 0x02, 0x44, 0x40, 0x6A, 0x82, 0xAA, 0x02, 0xA4
    db 0x44, 0x30, 0xB7, 0x00, 0x00, 0x03, 0x83, 0x44, 0x05, 0xA4, 0x44, 0x44, 0x66, 0x44, 0x44, 0xB3
    db 0x99, 0x02, 0x44, 0x40, 0x6A, 0x82, 0xAA, 0x02, 0x64, 0x43, 0x30, 0xB7, 0x00, 0x00, 0x03, 0x83
    db 0x44, 0x05, 0xA4, 0x44, 0x44, 0xAA, 0x44, 0x44, 0xB3, 0x99, 0x02, 0x44, 0x43, 0x6A, 0x82, 0xAA
    db 0x02, 0x64, 0x43, 0x30, 0xB7, 0x00, 0x00, 0x03, 0x83, 0x44, 0x05, 0xA4, 0x44, 0x43, 0x6A, 0x64
    db 0x44, 0xB3, 0x99, 0x02, 0x44, 0x40, 0x6A, 0x82, 0xAA, 0x02, 0x64, 0x43, 0x30, 0xB7, 0x00, 0x00
    db 0x03, 0x83, 0x44, 0x05, 0xA6, 0x66, 0x66, 0x0A, 0xA6, 0x66, 0xB3, 0x99, 0x02, 0x66, 0x64, 0x6A
    db 0x82, 0xAA, 0x02, 0x64, 0x43, 0x30, 0xB7, 0x00, 0x00, 0x03, 0x83, 0x44, 0x05, 0x9A, 0xAA, 0xAA
    db 0x6A, 0xAA, 0xAA, 0xB3, 0x99, 0x01, 0xAA, 0xA6, 0x83, 0xAA, 0x02, 0x64, 0x43, 0x30, 0xB7, 0x00
    db 0x00, 0x03, 0x83, 0x44, 0x00, 0x9A, 0x84, 0xAA, 0xB3, 0x99, 0x01, 0xAA, 0x60, 0x83, 0xAA, 0x02
    db 0x64, 0x43, 0x30, 0xB7, 0x00, 0x00, 0x03, 0x83, 0x44, 0x00, 0xA0, 0x84, 0x00, 0xB3, 0x99, 0x02
    db 0x00, 0x00, 0x6A, 0x82, 0xAA, 0x02, 0x64, 0x43, 0x30, 0xB7, 0x00, 0x00, 0x03, 0x83, 0x44, 0x00
    db 0xA4, 0x84, 0x44, 0xB3, 0x99, 0x02, 0x44, 0x40, 0x6A, 0x82, 0xAA, 0x02, 0x64, 0x43, 0x30, 0xB7
    db 0x00, 0x00, 0x03, 0x83, 0x44, 0x00, 0xA4, 0x84, 0x44, 0xB3, 0x99, 0x02, 0x44, 0x40, 0x6A, 0x82
    db 0xAA, 0x02, 0x64, 0x43, 0x30, 0xB7, 0x00, 0x00, 0x03, 0x83, 0x44, 0x00, 0xA4, 0x84, 0x44, 0xB3
    db 0x99, 0x02, 0x44, 0x40, 0x6A, 0x82, 0xAA, 0x02, 0x64, 0x43, 0x30, 0xB7, 0x00, 0x00, 0x03, 0x83
    db 0x44, 0x00, 0xA4, 0x84, 0x44, 0xB3, 0x99, 0x02, 0x44, 0x40, 0x6A, 0x82, 0xAA, 0x02, 0xA4, 0x43
    db 0x30, 0xB7, 0x00, 0x00, 0x03, 0x83, 0x44, 0x00, 0xA4, 0x83, 0x44, 0x00, 0x43, 0xB3, 0x99, 0x02
    db 0x44, 0x40, 0x6A, 0x82, 0xAA, 0x02, 0xA6, 0x33, 0x30, 0xB7, 0x00, 0x00, 0x03, 0x83, 0x44, 0x00
    db 0xA4, 0x82, 0x44, 0x01, 0x43, 0x4A, 0xB3, 0x99, 0x02, 0x44, 0x40, 0x6A, 0x82, 0xAA, 0x02, 0x64
    db 0x43, 0x30, 0xB7, 0x00, 0x00, 0x03, 0x83, 0x44, 0x00, 0xA4, 0x82, 0x44, 0x01, 0x66, 0x46, 0xB3
    db 0x99, 0x02, 0x44, 0x40, 0x6A, 0x82, 0xAA, 0x02, 0xA6, 0x43, 0x30, 0xB7, 0x00, 0x00, 0x03, 0x83
    db 0x44, 0x00, 0xA4, 0x82, 0x44, 0x01, 0xA6, 0x44, 0xB3, 0x99, 0x02, 0x44, 0x40, 0x6A, 0x83, 0xAA
    db 0x01, 0x64, 0x30, 0xB7, 0x00, 0x00, 0x03, 0x83, 0x44, 0x05, 0xA4, 0x44, 0x44, 0x43, 0xA6, 0x44
    db 0xB3, 0x99, 0x02, 0x44, 0x40, 0x6A, 0x82, 0xAA, 0x02, 0x66, 0x64, 0x30, 0xB7, 0x00, 0x00, 0x04
    db 0x83, 0x44, 0x05, 0xA6, 0x66, 0x66, 0x46, 0xA6, 0x66, 0xB3, 0x99, 0x02, 0x66, 0x66, 0x6A, 0x82
    db 0xAA, 0x02, 0x64, 0x43, 0x30, 0xB7, 0x00, 0x00, 0x34, 0x83, 0x44, 0x82, 0x99, 0x00, 0xA9, 0xB6
    db 0x99, 0x00, 0x66, 0x83, 0xAA, 0x02, 0x64, 0x43, 0x30, 0xB7, 0x00, 0x00, 0x34, 0x83, 0x44, 0x00
    db 0xA6, 0x84, 0x66, 0xB3, 0x99, 0x02, 0x66, 0x30, 0x6A, 0x82, 0xAA, 0x02, 0x64, 0x43, 0x30, 0xB7
    db 0x00, 0x00, 0x03, 0x83, 0x44, 0x00, 0xA0, 0x84, 0x00, 0xB3, 0x99, 0x02, 0x00, 0x30, 0x6A, 0x82
    db 0xAA, 0x02, 0x64, 0x43, 0x30, 0xB7, 0x00, 0x00, 0x03, 0x83, 0x44, 0x01, 0xA6, 0x44, 0x82, 0x66
    db 0x00, 0x40, 0xB3, 0x99, 0x02, 0x66, 0x60, 0x6A, 0x82, 0xAA, 0x02, 0x64, 0x43, 0x30, 0xB7, 0x00
    db 0x00, 0x03, 0x83, 0x44, 0x01, 0xA4, 0x66, 0x82, 0x44, 0x00, 0x43, 0xB3, 0x99, 0x02, 0x44, 0x40
    db 0x6A, 0x82, 0xAA, 0x02, 0x64, 0x43, 0x30, 0xB7, 0x00, 0x00, 0x03, 0x83, 0x44, 0x01, 0xA4, 0x66
    db 0x83, 0x44, 0xB3, 0x99, 0x02, 0x44, 0x40, 0x6A, 0x82, 0xAA, 0x02, 0x64, 0x43, 0x30, 0xB7, 0x00
    db 0x00, 0x03, 0x83, 0x44, 0x00, 0xA4, 0x84, 0x44, 0xB3, 0x99, 0x02, 0x44, 0x40, 0x6A, 0x82, 0xAA
    db 0x02, 0x64, 0x43, 0x30, 0xB7, 0x00, 0x00, 0x03, 0x83, 0x44, 0x00, 0xA4, 0x84, 0x44, 0xB3, 0x99
    db 0x02, 0x44, 0x40, 0x6A, 0x82, 0xAA, 0x02, 0x64, 0x43, 0x30, 0xB7, 0x00, 0x05, 0x03, 0x44, 0x66
    db 0x64, 0x44, 0xA4, 0x84, 0x44, 0xB3, 0x99, 0x02, 0x44, 0x40, 0x6A, 0x82, 0xAA, 0x02, 0x64, 0x43
    db 0x30, 0xB7, 0x00, 0x05, 0x03, 0x46, 0xAA, 0xA6, 0x66, 0xA4, 0x84, 0x44, 0xB3, 0x99, 0x02, 0x44
    db 0x43, 0xA9, 0x82, 0xAA, 0x02, 0x64, 0x43, 0x30, 0xB7, 0x00, 0x05, 0x03, 0x44, 0x43, 0xAA, 0xA6
    db 0xA4, 0x84, 0x44, 0xB3, 0x99, 0x02, 0x44, 0x40, 0x6A, 0x82, 0xAA, 0x02, 0x64, 0x43, 0x30, 0xB7
    db 0x00, 0x05, 0x03, 0x44, 0x40, 0x4A, 0xA6, 0xA4, 0x82, 0x44, 0x01, 0x66, 0x44, 0xB3, 0x99, 0x02
    db 0x44, 0x43, 0x6A, 0x82, 0xAA, 0x02, 0x64, 0x43, 0x30, 0xB7, 0x00, 0x05, 0x03, 0x44, 0x44, 0x00
    db 0x6A, 0xA6, 0x82, 0x44, 0x01, 0x46, 0x66, 0xB3, 0x99, 0x01, 0x44, 0x66, 0x83, 0xAA, 0x02, 0x64
    db 0x43, 0x30, 0xB7, 0x00, 0x05, 0x03, 0x44, 0x44, 0x43, 0x3A, 0x9A, 0x84, 0xAA, 0xB3, 0x99, 0x02
    db 0xAA, 0xA6, 0x6A, 0x82, 0xAA, 0x02, 0xA4, 0x43, 0x30, 0xB7, 0x00, 0x00, 0x03, 0x82, 0x44, 0x01
    db 0x30, 0x9A, 0x84, 0xAA, 0xB3, 0x99, 0x01, 0xAA, 0x63, 0x83, 0xAA, 0x02, 0xA6, 0x44, 0x30, 0xB7
    db 0x00, 0x00, 0x03, 0x82, 0x44, 0x01, 0x40, 0xA4, 0x84, 0x33, 0xB3, 0x99, 0x08, 0x33, 0x00, 0x6A
    db 0x6A, 0xAA, 0xAA, 0xA4, 0x43, 0x30, 0xB7, 0x00, 0x00, 0x03, 0x83, 0x44, 0x00, 0xA4, 0x84, 0x44
    db 0xB3, 0x99, 0x02, 0x44, 0x40, 0x6A, 0x82, 0xAA, 0x02, 0x64, 0x43, 0x30, 0xB7, 0x00, 0x00, 0x03
    db 0x83, 0x44, 0x00, 0xA6, 0x84, 0x44, 0xB3, 0x99, 0x02, 0x44, 0x43, 0x6A, 0x82, 0xAA, 0x02, 0x64
    db 0x43, 0x30, 0xB7, 0x00, 0x00, 0x03, 0x83, 0x44, 0x00, 0xA4, 0x84, 0x44, 0xB3, 0x99, 0x01, 0x44
    db 0x43, 0x83, 0xAA, 0x02, 0x64, 0x43, 0x30, 0xB7, 0x00, 0x00, 0x03, 0x83, 0x44, 0x00, 0xA4, 0x84
    db 0x44, 0xB3, 0x99, 0x01, 0x44, 0x40, 0x83, 0xAA, 0x02, 0x64, 0x43, 0x30, 0xB7, 0x00, 0x00, 0x04
    db 0x83, 0x44, 0x00, 0xA4, 0x84, 0x44, 0xB3, 0x99, 0x02, 0x44, 0x40, 0x6A, 0x82, 0xAA, 0x02, 0x64
    db 0x33, 0x30, 0xB7, 0x00, 0x00, 0x04, 0x83, 0x44, 0x00, 0xA4, 0x84, 0x44, 0xB3, 0x99, 0x02, 0x44
    db 0x40, 0x6A, 0x82, 0xAA, 0x02, 0xA6, 0x43, 0x30, 0xB7, 0x00, 0x00, 0x04, 0x83, 0x44, 0x00, 0xA4
    db 0x84, 0x44, 0xB3, 0x99, 0x02, 0x44, 0x40, 0x6A, 0x83, 0xAA, 0x01, 0x63, 0x30, 0xB7, 0x00, 0x00
    db 0x04, 0x83, 0x44, 0x02, 0xA4, 0x44, 0x43, 0x82, 0x44, 0xB3, 0x99, 0x02, 0x44, 0x40, 0x6A, 0x83
    db 0xAA, 0x01, 0x64, 0x30, 0xB7, 0x00, 0x00, 0x03, 0x83, 0x44, 0x00, 0xA4, 0x82, 0x44, 0x01, 0x66
    db 0x44, 0xB3, 0x99, 0x02, 0x44, 0x40, 0x6A, 0x83, 0xAA, 0x01, 0x64, 0x30, 0xB7, 0x00, 0x00, 0x03
    db 0x82, 0x44, 0x01, 0x46, 0xA4, 0x82, 0x44, 0x01, 0x66, 0x44, 0xB3, 0x99, 0x02, 0x44, 0x43, 0x6A
    db 0x82, 0xAA, 0x02, 0xA6, 0x44, 0x30, 0xB7, 0x00, 0x05, 0x03, 0x44, 0x46, 0x66, 0x66, 0xA4, 0x84
    db 0x44, 0xB3, 0x99, 0x02, 0x44, 0x40, 0x6A, 0x82, 0xAA, 0x02, 0xA6, 0x44, 0x30, 0xB7, 0x00, 0x05
    db 0x03, 0x44, 0x6A, 0xAA, 0xA9, 0xA6, 0x84, 0x66, 0xB3, 0x99, 0x02, 0x66, 0x64, 0x6A, 0x82, 0xAA
    db 0x02, 0x64, 0x43, 0x30, 0xB7, 0x00, 0x01, 0x03, 0x46, 0x82, 0xAA, 0x00, 0x9A, 0x84, 0xAA, 0xB3
    db 0x99, 0x01, 0xAA, 0xA6, 0x83, 0xAA, 0x02, 0x64, 0x43, 0x30, 0xB7, 0x00, 0x05, 0x03, 0x36, 0xA4
    db 0x00, 0x00, 0x9A, 0x84, 0xAA, 0xB4, 0x99, 0x00, 0x63, 0x83, 0xAA, 0x02, 0x64, 0x43, 0x30, 0xB7
    db 0x00, 0x06, 0x03, 0x44, 0x04, 0x44, 0x44, 0xA0, 0x66, 0x83, 0x00, 0xB3, 0x99, 0x01, 0x9A, 0x60
    db 0x83, 0xAA, 0x02, 0x64, 0x43, 0x30, 0xB7, 0x00, 0x00, 0x03, 0x83, 0x44, 0x02, 0xA6, 0x06, 0x64
    db 0x82, 0x44, 0xB3, 0x99, 0x02, 0x60, 0x00, 0x6A, 0x82, 0xAA, 0x02, 0x64, 0x43, 0x30, 0xB7, 0x00
    db 0x00, 0x03, 0x83, 0x44, 0x02, 0xA4, 0x43, 0x66, 0x82, 0x44, 0xB3, 0x99, 0x02, 0x64, 0x40, 0x6A
    db 0x82, 0xAA, 0x02, 0x64, 0x43, 0x30, 0xB7, 0x00, 0x00, 0x03, 0x83, 0x44, 0x02, 0xA4, 0x44, 0x4A
    db 0x82, 0x44, 0xB3, 0x99, 0x02, 0x66, 0x30, 0x6A, 0x82, 0xAA, 0x02, 0x64, 0x43, 0x30, 0xB7, 0x00
    db 0x00, 0x03, 0x83, 0x44, 0x02, 0xA4, 0x44, 0x36, 0x82, 0x44, 0xB3, 0x99, 0x02, 0x30, 0x30, 0x6A
    db 0x82, 0xAA, 0x02, 0x64, 0x43, 0x30, 0xB7, 0x00, 0x00, 0x03, 0x83, 0x44, 0x05, 0xA4, 0x44, 0x36
    db 0x44, 0x66, 0x44, 0xB3, 0x99, 0x02, 0x44, 0x43, 0x6A, 0x82, 0xAA, 0x02, 0x64, 0x43, 0x30, 0xB7
    db 0x00, 0x00, 0x03, 0x83, 0x44, 0x05, 0xA4, 0x44, 0x44, 0x64, 0x46, 0x44, 0xB3, 0x99, 0x02, 0x44
    db 0x40, 0x6A, 0x82, 0xAA, 0x02, 0x64, 0x43, 0x30, 0xB7, 0x00, 0x00, 0x03, 0x83, 0x44, 0x05, 0xA4
    db 0x44, 0x46, 0x64, 0x44, 0x44, 0xB3, 0x99, 0x02, 0x44, 0x40, 0x6A, 0x82, 0xAA, 0x02, 0x64, 0x43
    db 0x30, 0xB7, 0x00, 0x00, 0x03, 0x83, 0x44, 0x05, 0xA4, 0x44, 0x46, 0xA6, 0x44, 0x44, 0xB3, 0x99
    db 0x02, 0x44, 0x40, 0x6A, 0x82, 0xAA, 0x02, 0x64, 0x43, 0x30, 0xB7, 0x00, 0x00, 0x04, 0x83, 0x44
    db 0x05, 0xA4, 0x44, 0x44, 0xA6, 0x44, 0x44, 0xB3, 0x99, 0x02, 0x44, 0x40, 0x6A, 0x82, 0xAA, 0x02
    db 0x64, 0x43, 0x30, 0xB7, 0x00, 0x00, 0x04, 0x83, 0x44, 0x05, 0xA4, 0x44, 0x44, 0x46, 0x64, 0x44
    db 0xB3, 0x99, 0x02, 0x44, 0x43, 0x6A, 0x82, 0xAA, 0x02, 0x64, 0x43, 0x30, 0xB7, 0x00, 0x00, 0x04
    db 0x83, 0x44, 0x05, 0xA4, 0x44, 0x44, 0x36, 0x66, 0x44, 0xB3, 0x99, 0x02, 0x44, 0x40, 0x6A, 0x82
    db 0xAA, 0x02, 0x64, 0x43, 0x30, 0xB7, 0x00, 0x00, 0x03, 0x83, 0x44, 0x00, 0xA6, 0x82, 0x66, 0x01
    db 0x6A, 0x66, 0xB3, 0x99, 0x02, 0x66, 0x66, 0x6A, 0x82, 0xAA, 0x02, 0xA4, 0x43, 0x30, 0xB7, 0x00
    db 0x00, 0x03, 0x83, 0x44, 0x00, 0x9A, 0x82, 0xAA, 0x01, 0x99, 0xAA, 0xB3, 0x99, 0x01, 0xAA, 0xA6
    db 0x83, 0xAA, 0x02, 0x64, 0x44, 0x30, 0xB7, 0x00, 0x00, 0x03, 0x83, 0x44, 0x00, 0x96, 0x84, 0x66
    db 0xB3, 0x99, 0x02, 0x66, 0x40, 0x6A, 0x82, 0xAA, 0x02, 0xA6, 0x44, 0x30, 0xB7, 0x00, 0x00, 0x03
    db 0x83, 0x44, 0x00, 0xA0, 0x84, 0x00, 0xB3, 0x99, 0x02, 0x00, 0x00, 0x6A, 0x82, 0xAA, 0x01, 0xA6
    db 0x44, 0xB8, 0x00, 0x00, 0x03, 0x83, 0x44, 0x05, 0xA4, 0x44, 0x44, 0x64, 0x44, 0x44, 0xB3, 0x99
    db 0x02, 0x44, 0x40, 0x6A, 0x82, 0xAA, 0x01, 0xA4, 0x64, 0xB8, 0x00, 0x00, 0x03, 0x83, 0x44, 0x05
    db 0xA6, 0x63, 0x00, 0x46, 0x64, 0x00, 0xB3, 0x99, 0x02, 0x60, 0x00, 0x6A, 0x83, 0xAA, 0x01, 0x63
    db 0x30, 0xB7, 0x00, 0x00, 0x03, 0x83, 0x44, 0x05, 0x9A, 0xA6, 0x43, 0x6A, 0xA6, 0x44, 0xB3, 0x99
    db 0x02, 0xA4, 0x40, 0x6A, 0x83, 0xAA, 0x01, 0x63, 0x30, 0xB7, 0x00, 0x00, 0x03, 0x83, 0x44, 0x05
    db 0x99, 0xA6, 0x43, 0x6A, 0x96, 0x44, 0xB3, 0x99, 0x02, 0xA4, 0x44, 0x6A, 0x83, 0xAA, 0x01, 0x63
    db 0x30, 0xB7, 0x00, 0x00, 0x03, 0x83, 0x44, 0x05, 0x9A, 0xA6, 0x46, 0x46, 0x96, 0x66, 0xB3, 0x99
    db 0x01, 0xA6, 0x66, 0x84, 0xAA, 0x00, 0xA4, 0xB8, 0x00, 0x00, 0x03, 0x83, 0x44, 0x05, 0x9A, 0xAA
    db 0xA6, 0x46, 0xAA, 0xAA, 0xB3, 0x99, 0x02, 0xAA, 0xA6, 0x6A, 0x83, 0xAA, 0x00, 0xA4, 0xB8, 0x00
    db 0x00, 0x03, 0x83, 0x44, 0x05, 0xA6, 0xAA, 0x64, 0x46, 0x6A, 0xA6, 0xB3, 0x99, 0x02, 0xAA, 0x60
    db 0x6A, 0x82, 0xAA, 0x02, 0x66, 0x63, 0x30, 0xB7, 0x00, 0x00, 0x03, 0x83, 0x44, 0x05, 0xA6, 0x66
    db 0x64, 0x44, 0x66, 0x64, 0xB3, 0x99, 0x02, 0x66, 0x43, 0x6A, 0x82, 0xAA, 0x02, 0x64, 0x43, 0x30
    db 0xB7, 0x00, 0x00, 0x03, 0x83, 0x44, 0x00, 0xA4, 0x83, 0x44, 0x00, 0x43, 0xB3, 0x99, 0x01, 0x44
    db 0x06, 0x83, 0xAA, 0x02, 0x64, 0x43, 0x30, 0xB7, 0x00, 0x00, 0x03, 0x83, 0x44, 0x00, 0xA4, 0x83
    db 0x44, 0x00, 0x36, 0xB3, 0x99, 0x02, 0x43, 0x66, 0x6A, 0x82, 0xAA, 0x02, 0x64, 0x43, 0x30, 0xB7
    db 0x00, 0x00, 0x03, 0x83, 0x44, 0x00, 0xA4, 0x82, 0x44, 0x01, 0x43, 0x6A, 0xB3, 0x99, 0x02, 0x44
    db 0xA4, 0x6A, 0x82, 0xAA, 0x02, 0x64, 0x43, 0x30, 0xB7, 0x00, 0x00, 0x03, 0x83, 0x44, 0x00, 0xA4
    db 0x83, 0x44, 0x00, 0xA6, 0xB3, 0x99, 0x08, 0x3A, 0x60, 0xA9, 0x9A, 0xAA, 0xAA, 0x64, 0x43, 0x30
    db 0xB7, 0x00, 0x00, 0x03, 0x83, 0x44, 0x00, 0xA4, 0x82, 0x44, 0x01, 0x4A, 0xA4, 0xB3, 0x99, 0x08
    db 0xAA, 0x63, 0xAA, 0xA9, 0xAA, 0xAA, 0x64, 0x43, 0x30, 0xB7, 0x00, 0x00, 0x03, 0x83, 0x44, 0x05
    db 0x9A, 0x66, 0x66, 0x6A, 0xAA, 0x44, 0xB3, 0x99, 0x08, 0xA4, 0x40, 0x6A, 0x6A, 0xAA, 0xAA, 0xA4
    db 0x43, 0x30, 0xB7, 0x00, 0x00, 0x03, 0x83, 0x44, 0x05, 0x99, 0xAA, 0xAA, 0xA9, 0x9A, 0xAA, 0xB3
    db 0x99, 0x02, 0xAA, 0xA6, 0x6A, 0x82, 0xAA, 0x02, 0x64, 0x43, 0x30, 0xB7, 0x00, 0x00, 0x03, 0x83
    db 0x44, 0x05, 0xAA, 0x9A, 0xA6, 0xAA, 0x69, 0xA6, 0xB4, 0x99, 0x01, 0x66, 0x6A, 0x82, 0xAA, 0x02
    db 0x64, 0x43, 0x30, 0xB7, 0x00, 0x00, 0x03, 0x83, 0x44, 0x05, 0xA6, 0xA6, 0x40, 0x46, 0x46, 0x36
    db 0xB3, 0x99, 0x01, 0x64, 0x46, 0x83, 0xAA, 0x02, 0x64, 0x43, 0x30, 0xB7, 0x00, 0x00, 0x03, 0x83
    db 0x44, 0x05, 0x9A, 0xA6, 0x64, 0x0A, 0xA0, 0x4A, 0xB3, 0x99, 0x00, 0x03, 0x84, 0xAA, 0x02, 0x64
    db 0x43, 0x30, 0xB7, 0x00, 0x00, 0x03, 0x83, 0x44, 0x06, 0x9A, 0xA6, 0x44, 0x36, 0xA4, 0x4A, 0x64
    db 0x92, 0xAA, 0x00, 0x9A, 0x84, 0xAA, 0x00, 0x9A, 0x92, 0xAA, 0x08, 0xA6, 0x3A, 0xAA, 0x64, 0x43
    db 0x69, 0x64, 0x63, 0x6A, 0x82, 0xAA, 0x03, 0xA4, 0x43, 0x00, 0x03, 0xB7, 0x33, 0x83, 0x44, 0x06
    db 0x9A, 0xAA, 0x4A, 0x46, 0xA6, 0x04, 0x44, 0xAB, 0x99, 0x09, 0x9A, 0x60, 0x4A, 0xA6, 0xA4, 0x66
    db 0x4A, 0x60, 0x36, 0x6A, 0x82, 0xAA, 0x04, 0x64, 0x46, 0x66, 0x43, 0x43, 0xB8, 0x33, 0x08, 0x44
    db 0x44, 0x9A, 0xA9, 0x49, 0x66, 0x9A, 0x30, 0x46, 0xAC, 0x99, 0x07, 0x40, 0xA9, 0xA6, 0x94, 0xAA
    db 0x69, 0x94, 0x04, 0x83, 0xAA, 0x03, 0x64, 0x4A, 0xAA, 0x63, 0xB9, 0x33, 0x08, 0x03, 0x44, 0x9A
    db 0xAA, 0x04, 0x63, 0xAA, 0x43, 0x04, 0x86, 0x99, 0x02, 0x9A, 0xAA, 0xAA, 0x84, 0x99, 0x01, 0x9A
    db 0xAA, 0x82, 0x99, 0x02, 0x9A, 0xAA, 0xA9, 0x87, 0x99, 0x01, 0x9A, 0x6A, 0x8A, 0x99, 0x09, 0x9A
    db 0x00, 0x6A, 0xA6, 0xA4, 0x36, 0x46, 0xA6, 0x00, 0x6A, 0x82, 0xAA, 0x03, 0x64, 0x66, 0x00, 0xA6
    db 0xBA, 0x00, 0x07, 0x34, 0x9A, 0xAA, 0x64, 0x34, 0x66, 0x66, 0x44, 0x86, 0x99, 0x03, 0x9A, 0x00
    db 0x34, 0xA9, 0x83, 0x99, 0x01, 0x9A, 0x0A, 0x82, 0x99, 0x02, 0x96, 0x00, 0x06, 0x87, 0x99, 0x01
    db 0x9A, 0x4A, 0x8A, 0x99, 0x08, 0x9A, 0x66, 0x6A, 0xAA, 0xA6, 0x63, 0x43, 0x46, 0x46, 0x83, 0xAA
    db 0x03, 0x6A, 0xA6, 0x43, 0x66, 0xBA, 0x00, 0x07, 0x34, 0xAA, 0xAA, 0xA6, 0xA6, 0x69, 0xAA, 0x66
    db 0x87, 0x99, 0x17, 0x60, 0xA0, 0x69, 0x9A, 0xA9, 0x99, 0x9A, 0x9A, 0x0A, 0x9A, 0xA9, 0x99, 0x99
    db 0x06, 0x60, 0xA9, 0x9A, 0xA9, 0x9A, 0xA9, 0xA9, 0x99, 0xAA, 0x99, 0x82, 0xA9, 0x89, 0x99, 0x84
    db 0xAA, 0x01, 0xA4, 0x9A, 0x84, 0xAA, 0x04, 0x66, 0xA3, 0x4A, 0x0A, 0x30, 0xB9, 0x00, 0x07, 0x34
    db 0xAA, 0xA6, 0x43, 0xA6, 0x69, 0xA9, 0x64, 0x87, 0x99, 0x1A, 0x60, 0xAA, 0x0A, 0xA4, 0x06, 0xA6
    db 0x60, 0xAA, 0x0A, 0xA0, 0x69, 0x99, 0x99, 0x04, 0x94, 0x09, 0x60, 0x3A, 0x60, 0x46, 0x06, 0x9A
    db 0x40, 0xAA, 0x06, 0x46, 0x06, 0x88, 0x99, 0x00, 0x9A, 0x82, 0xAA, 0x05, 0x64, 0x36, 0xA6, 0x9A
    db 0xA6, 0x6A, 0x82, 0xAA, 0x04, 0x64, 0x6A, 0x6A, 0x4A, 0x30, 0xB9, 0x00, 0x07, 0x34, 0xAA, 0xAA
    db 0xA6, 0xA6, 0xAA, 0x0A, 0xA4, 0x87, 0x99, 0x09, 0x60, 0x9A, 0x0A, 0x9A, 0x60, 0xA0, 0x00, 0x4A
    db 0x06, 0x34, 0x82, 0x99, 0x0E, 0x04, 0x94, 0x0A, 0x06, 0x06, 0x60, 0x00, 0x00, 0xA9, 0xA3, 0x46
    db 0x06, 0x30, 0x00, 0xA9, 0x87, 0x99, 0x02, 0x9A, 0xA0, 0x69, 0x83, 0xAA, 0x01, 0xA0, 0x6A, 0x83
    db 0xAA, 0x04, 0xA4, 0xAA, 0x6A, 0x4A, 0x30, 0xB9, 0x00, 0x07, 0x34, 0x9A, 0x9A, 0x06, 0x96, 0x60
    db 0x00, 0x04, 0x87, 0x99, 0x09, 0x60, 0x96, 0x0A, 0xA0, 0x00, 0xA0, 0x66, 0x3A, 0x00, 0x39, 0x82
    db 0x99, 0x0E, 0x04, 0x94, 0x3A, 0x0A, 0x04, 0x60, 0x66, 0x60, 0xA6, 0x00, 0x36, 0x0A, 0x04, 0x60
    db 0xA9, 0x88, 0x99, 0x08, 0x30, 0x0A, 0xA9, 0xA4, 0x39, 0x66, 0x30, 0x00, 0x6A, 0x82, 0xAA, 0x04
    db 0xA6, 0x4A, 0xA4, 0x4A, 0x43, 0xB9, 0x33, 0x07, 0x34, 0x9A, 0xAA, 0xAA, 0x4A, 0xA6, 0x60, 0x04
    db 0x87, 0x99, 0x09, 0x60, 0xA0, 0x69, 0x34, 0x60, 0xA0, 0x6A, 0xAA, 0x06, 0x44, 0x82, 0x99, 0x0E
    db 0x06, 0x60, 0xAA, 0x06, 0x36, 0x60, 0x66, 0x60, 0xA3, 0x44, 0x36, 0x0A, 0x06, 0x60, 0xA9, 0x88
    db 0x99, 0x08, 0x36, 0x63, 0xAA, 0xAA, 0xA4, 0x6A, 0x6A, 0x00, 0x6A, 0x83, 0xAA, 0x02, 0x64, 0x64
    db 0x66, 0xBB, 0x44, 0x06, 0x9A, 0xA6, 0x64, 0x6A, 0x6A, 0x64, 0x34, 0x86, 0x99, 0x1C, 0x9A, 0x00
    db 0x04, 0x99, 0xA0, 0x06, 0x40, 0x69, 0x9A, 0x0A, 0xA0, 0x69, 0x99, 0x96, 0x00, 0x06, 0x99, 0x60
    db 0x09, 0x60, 0x64, 0x60, 0xA6, 0x00, 0xA0, 0x06, 0x04, 0x60, 0xA9, 0x88, 0x99, 0x08, 0x64, 0xAA
    db 0xAA, 0x66, 0x44, 0xA6, 0xAA, 0x40, 0x6A, 0x83, 0xAA, 0x02, 0xA4, 0xA9, 0xA4, 0xBB, 0x44, 0x06
    db 0x9A, 0xAA, 0x04, 0x66, 0xA6, 0x4A, 0xA4, 0x87, 0x99, 0x1A, 0xAA, 0xAA, 0x99, 0x9A, 0xA9, 0xAA
    db 0x99, 0x99, 0xA9, 0x9A, 0xA9, 0x99, 0x9A, 0xAA, 0xA9, 0x99, 0x9A, 0xA9, 0xAA, 0x9A, 0x9A, 0x99
    db 0xAA, 0x9A, 0xA9, 0xAA, 0x9A, 0x88, 0x99, 0x09, 0x9A, 0xA6, 0x4A, 0xAA, 0xA0, 0x3A, 0x6A, 0x64
    db 0xAA, 0x6A, 0x84, 0xAA, 0x00, 0x66, 0xBC, 0x44, 0x06, 0x9A, 0xAA, 0x44, 0x6A, 0x64, 0x69, 0x66
    db 0xAB, 0x99, 0x09, 0x9A, 0xAA, 0x66, 0xAA, 0xA4, 0x46, 0xAA, 0x46, 0x9A, 0x6A, 0x84, 0xAA, 0x03
    db 0x66, 0x6A, 0xA4, 0x46, 0x9F, 0x66, 0x00, 0xA6, 0x8F, 0x66, 0x00, 0x6A, 0x83, 0x66, 0x00, 0x64
    db 0x82, 0x44, 0x06, 0xA6, 0xA6, 0x66, 0xA6, 0x00, 0xAA, 0x04, 0xAB, 0x99, 0x0A, 0x9A, 0xAA, 0x00
    db 0x6A, 0x66, 0x6A, 0xA0, 0x06, 0xA3, 0x46, 0x66, 0x84, 0xAA, 0x02, 0x6A, 0xAA, 0x46, 0x9E, 0xAA
    db 0x00, 0xA6, 0x8F, 0xAA, 0x01, 0xA6, 0x3A, 0x83, 0xAA, 0x00, 0x64, 0x82, 0x44, 0x07, 0xA6, 0x9A
    db 0xAA, 0x96, 0x00, 0x0A, 0x4A, 0x96, 0x86, 0x44, 0x01, 0xAA, 0x64, 0x85, 0x44, 0x01, 0x4A, 0xA4
    db 0x83, 0x44, 0x05, 0x6A, 0x64, 0x44, 0x69, 0x66, 0xAA, 0x85, 0x44, 0x01, 0x4A, 0xA4, 0x84, 0x44
    db 0x0D, 0x6A, 0x66, 0xAA, 0xAA, 0xA3, 0x00, 0x69, 0xAA, 0xA9, 0xA3, 0x00, 0x64, 0x34, 0x46, 0x84
    db 0xAA, 0x02, 0x66, 0xA4, 0x46, 0x9E, 0xAA, 0x01, 0xA6, 0xAA, 0x82, 0x44, 0x00, 0x46, 0x8B, 0xAA
    db 0x01, 0x66, 0xAA, 0x82, 0x66, 0x83, 0x44, 0x07, 0x9A, 0x99, 0x99, 0x9A, 0xAA, 0xA9, 0xA6, 0x60
    db 0x86, 0x00, 0x00, 0xA6, 0x82, 0x00, 0x00, 0x44, 0x82, 0x00, 0x0B, 0x0A, 0x64, 0x30, 0x60, 0x00
    db 0x40, 0x03, 0x00, 0x00, 0x09, 0x40, 0x44, 0x85, 0x00, 0x01, 0x04, 0xA3, 0x82, 0x00, 0x0F, 0x04
    db 0x00, 0x6A, 0x64, 0x4A, 0xAA, 0x9A, 0xAA, 0xA9, 0x99, 0x99, 0x9A, 0xA6, 0xAA, 0x44, 0x46, 0x84
    db 0x66, 0x02, 0x64, 0x60, 0x46, 0x88, 0x66, 0x01, 0x6A, 0xA6, 0x88, 0x66, 0x05, 0x6A, 0xAA, 0xAA
    db 0xA9, 0x99, 0xA6, 0x84, 0x66, 0x06, 0x44, 0x64, 0x66, 0x60, 0x46, 0x66, 0x6A, 0x8A, 0x66, 0x02
    db 0x64, 0x44, 0x64, 0x85, 0x44, 0x00, 0xA6, 0x82, 0x44, 0x02, 0x46, 0x44, 0x43, 0x86, 0x00, 0x01
    db 0x0A, 0x60, 0x82, 0x00, 0x00, 0x33, 0x82, 0x00, 0x0A, 0x06, 0x00, 0x00, 0x40, 0x44, 0x9A, 0x60
    db 0x36, 0x00, 0x39, 0x40, 0x87, 0x00, 0x10, 0xAA, 0x30, 0x00, 0x00, 0xAA, 0x63, 0x46, 0x9A, 0x64
    db 0x36, 0xA6, 0x64, 0x44, 0x44, 0x6A, 0x46, 0x66, 0x87, 0x44, 0x03, 0x43, 0x33, 0x34, 0x66, 0x87
    db 0x44, 0x01, 0xAA, 0xA6, 0x87, 0x44, 0x07, 0x66, 0xAA, 0xAA, 0x66, 0x66, 0x46, 0x9A, 0x66, 0x83
    db 0x44, 0x07, 0x04, 0x4A, 0x99, 0xA6, 0xAA, 0x9A, 0x66, 0xA4, 0x89, 0x44, 0x04, 0x6A, 0x66, 0xAA
    db 0xAA, 0x66, 0x83, 0x44, 0x00, 0xA0, 0x82, 0x00, 0x02, 0x03, 0x44, 0x44, 0x85, 0x33, 0x02, 0x30
    db 0x49, 0x43, 0x82, 0x33, 0x0E, 0x00, 0x33, 0x30, 0x04, 0x6A, 0x40, 0x33, 0x04, 0x44, 0xA6, 0x64
    db 0x46, 0x40, 0x39, 0x63, 0x86, 0x33, 0x0B, 0x30, 0xAA, 0x64, 0x33, 0x33, 0x66, 0x64, 0x04, 0xA6
    db 0x60, 0x04, 0x60, 0x82, 0x00, 0x00, 0x66, 0x82, 0x00, 0x86, 0x44, 0x04, 0x46, 0x44, 0x34, 0x46
    db 0x64, 0x85, 0x44, 0x04, 0x46, 0x96, 0xAA, 0x64, 0x66, 0x85, 0x44, 0x82, 0xAA, 0x10, 0x64, 0x43
    db 0x00, 0x6A, 0xAA, 0x64, 0x44, 0x44, 0x40, 0x66, 0x49, 0xAA, 0x64, 0xAA, 0xAA, 0x66, 0x96, 0x88
    db 0x44, 0x01, 0x66, 0xA6, 0x83, 0xAA, 0x00, 0xA6, 0x82, 0x44, 0x06, 0xA6, 0x46, 0x66, 0x66, 0x46
    db 0xAA, 0xA4, 0x85, 0x44, 0x02, 0x64, 0x4A, 0x64, 0x84, 0x44, 0x02, 0x63, 0x04, 0x9A, 0x82, 0x64
    db 0x84, 0x44, 0x01, 0x49, 0x64, 0x86, 0x44, 0x03, 0x43, 0xAA, 0xAA, 0x64, 0x82, 0x44, 0x03, 0x64
    db 0x44, 0x44, 0x60, 0x82, 0x66, 0x04, 0x60, 0xA6, 0x46, 0x66, 0x60, 0x86, 0x44, 0x04, 0x64, 0x64
    db 0x44, 0x4A, 0x64, 0x85, 0x44, 0x05, 0x69, 0xA4, 0x0A, 0xA4, 0x6A, 0x64, 0x83, 0x44, 0x14, 0x46
    db 0xAA, 0xA6, 0xA6, 0x44, 0x46, 0x30, 0x03, 0xAA, 0xA4, 0x44, 0x44, 0x40, 0xAA, 0x4A, 0x46, 0x44
    db 0xAA, 0x46, 0x36, 0x9A, 0x87, 0x44, 0x01, 0x46, 0xAA, 0x82, 0x66, 0x02, 0x6A, 0xA9, 0x9A, 0x82
    db 0x44, 0x00, 0xA4, 0x82, 0x44, 0x02, 0x46, 0xAA, 0x64, 0x86, 0x44, 0x01, 0x4A, 0x64, 0x85, 0x44
    db 0x01, 0x30, 0x6A, 0x87, 0x44, 0x01, 0x49, 0x64, 0x86, 0x44, 0x02, 0x43, 0xAA, 0x66, 0x86, 0x44
    db 0x08, 0x43, 0x64, 0x44, 0x44, 0x43, 0x66, 0x44, 0x44, 0x40, 0x86, 0x44, 0x04, 0x64, 0x64, 0x44
    db 0x44, 0x64, 0x84, 0x44, 0x06, 0x46, 0x66, 0xAF, 0x66, 0x66, 0xAA, 0xA4, 0x83, 0x44, 0x09, 0x6A
    db 0xA6, 0xAA, 0xA6, 0x44, 0x44, 0x40, 0x00, 0x4A, 0xA6, 0x82, 0x44, 0x07, 0x96, 0x4A, 0x66, 0x64
    db 0xAA, 0x66, 0x46, 0x9A, 0x86, 0x44, 0x0C, 0x46, 0xAA, 0x66, 0x6A, 0xAA, 0x66, 0xAA, 0xA9, 0x66
    db 0xA6, 0x64, 0x44, 0xA4, 0x82, 0x44, 0x04, 0x46, 0xAA, 0x64, 0x44, 0x64, 0x84, 0x44, 0x01, 0x3A
    db 0x64, 0x85, 0x44, 0x01, 0x63, 0x6A, 0x87, 0x44, 0x01, 0x49, 0x64, 0x86, 0x44, 0x02, 0x43, 0xAA
    db 0x64, 0x86, 0x44, 0x01, 0x43, 0x64, 0x82, 0x44, 0x03, 0x06, 0x44, 0x44, 0x40, 0x86, 0x44, 0x00
    db 0x66, 0x82, 0x44, 0x00, 0x64, 0x84, 0x44, 0x06, 0x4A, 0x60, 0xAA, 0xA4, 0x3A, 0xA6, 0xA6, 0x82
    db 0x44, 0x00, 0x46, 0x82, 0xAA, 0x0D, 0xA6, 0x66, 0x66, 0x64, 0x40, 0x06, 0xAA, 0x64, 0x44, 0x44
    db 0xA6, 0x46, 0x66, 0x40, 0x82, 0x46, 0x00, 0x9A, 0x85, 0x44, 0x0D, 0x46, 0x6A, 0xA6, 0x6A, 0xAA
    db 0xAA, 0x6A, 0xAA, 0x9A, 0x04, 0xA6, 0x66, 0x66, 0xA4, 0x82, 0x44, 0x04, 0x46, 0xAA, 0x64, 0x44
    db 0x64, 0x84, 0x44, 0x01, 0x69, 0x64, 0x85, 0x44, 0x01, 0x43, 0x6A, 0x87, 0x44, 0x01, 0x49, 0x64
    db 0x86, 0x44, 0x01, 0x43, 0xA6, 0x83, 0x44, 0x00, 0x34, 0x82, 0x44, 0x01, 0x43, 0x64, 0x82, 0x44
    db 0x03, 0x36, 0x44, 0x44, 0x40, 0x86, 0x44, 0x03, 0x34, 0x40, 0x00, 0x00, 0x85, 0x44, 0x0B, 0x6A
    db 0xA4, 0x3A, 0x60, 0xA9, 0xA4, 0x6A, 0x64, 0x44, 0x44, 0x6A, 0xA6, 0x85, 0xAA, 0x0D, 0xA6, 0x44
    db 0x6A, 0xA4, 0x44, 0x44, 0xA6, 0x04, 0x46, 0x00, 0x04, 0x46, 0x06, 0x9A, 0x84, 0x44, 0x0E, 0x46
    db 0x6A, 0xA6, 0x66, 0xAA, 0xAA, 0xA6, 0xAA, 0xA9, 0xA6, 0x44, 0x40, 0x4A, 0xA6, 0xA4, 0x82, 0x44
    db 0x02, 0x46, 0xAA, 0x64, 0x82, 0x44, 0x05, 0x43, 0x44, 0x44, 0x66, 0xA9, 0x64, 0x85, 0x44, 0x01
    db 0x43, 0x6A, 0x87, 0x44, 0x01, 0x49, 0x64, 0x86, 0x44, 0x02, 0x43, 0xA6, 0x46, 0x83, 0x44, 0x04
    db 0x46, 0x44, 0x44, 0x43, 0x64, 0x82, 0x44, 0x03, 0x36, 0x44, 0x44, 0x40, 0x86, 0x44, 0x03, 0x34
    db 0x40, 0x00, 0x00, 0x84, 0x44, 0x20, 0x46, 0xA6, 0xAA, 0x44, 0x36, 0xAA, 0xA6, 0x4A, 0xA6, 0x44
    db 0x44, 0x6A, 0xAA, 0xAA, 0xA9, 0x9A, 0xAA, 0xAA, 0xA9, 0x9A, 0xAA, 0xAA, 0xA4, 0x44, 0x36, 0x66
    db 0x46, 0x66, 0x60, 0x06, 0x6A, 0x46, 0x9A, 0x83, 0x44, 0x03, 0x46, 0x6A, 0xAA, 0x66, 0x82, 0xAA
    db 0x03, 0x66, 0xAA, 0x99, 0x64, 0x83, 0x44, 0x00, 0xA6, 0x83, 0x66, 0x01, 0xAA, 0xA4, 0x82, 0x44
    db 0x07, 0x64, 0x44, 0x46, 0xAA, 0x4A, 0x64, 0x44, 0x66, 0x83, 0x44, 0x01, 0x43, 0x6A, 0x83, 0x44
    db 0x05, 0x43, 0x34, 0x44, 0x44, 0x49, 0x64, 0x86, 0x44, 0x03, 0x43, 0xA6, 0x46, 0x64, 0x82, 0x44
    db 0x03, 0x66, 0x44, 0x44, 0x43, 0x86, 0x66, 0x00, 0x64, 0x87, 0x44, 0x03, 0x00, 0x00, 0x03, 0x34
    db 0x83, 0x44, 0x20, 0x6A, 0xA4, 0x4A, 0xA0, 0x6A, 0xAA, 0x66, 0x44, 0xAA, 0x44, 0x44, 0x6A, 0x99
    db 0x9A, 0x6A, 0xAA, 0x66, 0x66, 0xAA, 0xA6, 0xA9, 0x99, 0x64, 0x44, 0x39, 0x66, 0x4A, 0xAA, 0xA4
    db 0x6A, 0xAA, 0x66, 0x9A, 0x83, 0x44, 0x02, 0x66, 0xAA, 0x66, 0x82, 0xAA, 0x03, 0xA6, 0x6A, 0xA9
    db 0x9A, 0x84, 0x44, 0x83, 0x99, 0x02, 0xAA, 0xA9, 0xA4, 0x82, 0x44, 0x07, 0x64, 0x46, 0x6A, 0x40
    db 0x4A, 0x64, 0x44, 0x66, 0x83, 0x44, 0x01, 0x43, 0x6A, 0x87, 0x44, 0x01, 0x49, 0x64, 0x83, 0x44
    db 0x04, 0x04, 0x44, 0x44, 0x43, 0xA6, 0x87, 0x44, 0x03, 0x43, 0xA9, 0xAA, 0x9A, 0x82, 0x99, 0x01
    db 0x9A, 0x96, 0x86, 0x44, 0x03, 0x40, 0x40, 0x04, 0x43, 0x84, 0x44, 0x0F, 0x6A, 0x86, 0x46, 0xA6
    db 0x6A, 0xAA, 0x66, 0x64, 0x6A, 0x64, 0x44, 0x6A, 0xAA, 0x66, 0x43, 0x6A, 0x82, 0xAA, 0x0D, 0x34
    db 0x46, 0xAA, 0x64, 0x43, 0x3A, 0x46, 0x49, 0xAA, 0x66, 0xAA, 0xAA, 0x66, 0x9A, 0x82, 0x44, 0x02
    db 0x46, 0xAA, 0xA6, 0x84, 0x66, 0x02, 0xAA, 0xA9, 0xA4, 0x84, 0x44, 0x00, 0x96, 0x82, 0x66, 0x02
    db 0xAA, 0xAA, 0xA4, 0x83, 0x44, 0x04, 0x46, 0xA6, 0x34, 0x4A, 0x64, 0x82, 0x44, 0x05, 0x46, 0x44
    db 0x44, 0x43, 0x6A, 0x64, 0x86, 0x44, 0x01, 0x49, 0x64, 0x82, 0x44, 0x07, 0x46, 0x44, 0x44, 0x66
    db 0x33, 0xA6, 0x44, 0x64, 0x85, 0x44, 0x03, 0x40, 0x6A, 0x6A, 0xAA, 0x84, 0x66, 0x87, 0x44, 0x01
    db 0x40, 0x33, 0x85, 0x44, 0x20, 0x43, 0xA8, 0xA6, 0x36, 0x63, 0xAA, 0x66, 0xAA, 0x63, 0x44, 0x44
    db 0x46, 0x9A, 0x66, 0x40, 0x0A, 0xAA, 0xAA, 0x63, 0x00, 0x3A, 0xA6, 0x44, 0x43, 0x4A, 0x46, 0x4A
    db 0x66, 0x43, 0xAA, 0x66, 0x46, 0x9A, 0x82, 0x44, 0x01, 0x6A, 0xA6, 0x84, 0x66, 0x03, 0x6A, 0xAA
    db 0x99, 0x64, 0x84, 0x44, 0x00, 0xA4, 0x82, 0x44, 0x02, 0x6A, 0xAA, 0xA4, 0x83, 0x44, 0x0D, 0x6A
    db 0x34, 0x44, 0x4A, 0x64, 0x44, 0x44, 0x46, 0x46, 0x64, 0x44, 0x43, 0x6A, 0x66, 0x86, 0x44, 0x01
    db 0x3A, 0x64, 0x82, 0x44, 0x07, 0x46, 0x64, 0x44, 0x44, 0x43, 0xA6, 0x44, 0x64, 0x85, 0x44, 0x03
    db 0x40, 0x44, 0x40, 0xAA, 0x8D, 0x44, 0x02, 0x33, 0x34, 0x34, 0x83, 0x44, 0x08, 0x43, 0x4A, 0x60
    db 0x6A, 0xA4, 0x4A, 0xA6, 0xA6, 0x34, 0x82, 0x44, 0x02, 0x6A, 0xAA, 0xA6, 0x83, 0x00, 0x11, 0x4A
    db 0xAA, 0x63, 0x46, 0x06, 0xA6, 0x46, 0x64, 0xA6, 0x46, 0xAA, 0xA4, 0x49, 0x9A, 0x44, 0x44, 0x46
    db 0x6A, 0x87, 0xAA, 0x01, 0x9A, 0x64, 0x84, 0x44, 0x00, 0xA4, 0x82, 0x44, 0x02, 0x6A, 0xAA, 0xA6
    db 0x82, 0x44, 0x08, 0x46, 0xAA, 0x44, 0x44, 0x4A, 0x64, 0x44, 0x34, 0x66, 0x82, 0x44, 0x02, 0x43
    db 0x69, 0xA6, 0x86, 0x44, 0x01, 0x3A, 0x64, 0x86, 0x44, 0x01, 0x43, 0xA6, 0x86, 0x44, 0x05, 0x04
    db 0x40, 0x44, 0x44, 0x4A, 0x64, 0x8B, 0x44, 0x03, 0x43, 0x44, 0x44, 0x46, 0x84, 0x44, 0x06, 0x36
    db 0x36, 0xAA, 0xAA, 0x36, 0xAA, 0xA3, 0x83, 0x44, 0x01, 0x46, 0x46, 0x85, 0xAA, 0x10, 0xA3, 0x34
    db 0x46, 0x06, 0xA4, 0x46, 0x64, 0x66, 0x43, 0xAA, 0x64, 0x69, 0x96, 0x44, 0x44, 0x46, 0x66, 0x86
    db 0xAA, 0x01, 0xA9, 0x96, 0x85, 0x44, 0x00, 0xA4, 0x82, 0x44, 0x02, 0x6A, 0xAA, 0x9A, 0x82, 0x44
    db 0x05, 0x69, 0xA6, 0x44, 0x44, 0x3A, 0x64, 0x85, 0x44, 0x03, 0x63, 0x69, 0xAA, 0x64, 0x85, 0x44
    db 0x01, 0x3A, 0x64, 0x86, 0x44, 0x01, 0x43, 0x66, 0x87, 0x44, 0x04, 0x40, 0x44, 0x44, 0x4A, 0x64
    db 0x8C, 0x44, 0x02, 0x34, 0x44, 0xAA, 0x84, 0x44, 0x06, 0x40, 0x4A, 0x94, 0x49, 0x60, 0x6A, 0x43
    db 0x84, 0x44, 0x01, 0x43, 0x04, 0x83, 0x99, 0x0D, 0x60, 0x04, 0x44, 0x46, 0x06, 0x64, 0x44, 0x66
    db 0x0A, 0x66, 0xAA, 0x04, 0xA9, 0x94, 0x83, 0x44, 0x00, 0x69, 0x86, 0x99, 0x00, 0x96, 0x85, 0x44
    db 0x00, 0xA4, 0x82, 0x44, 0x02, 0x6A, 0xAA, 0x99, 0x82, 0xAA, 0x05, 0xA9, 0x9A, 0xAA, 0xAA, 0xA9
    db 0x9A, 0x86, 0xAA, 0x02, 0x99, 0x99, 0x9A, 0x85, 0xAA, 0x01, 0xA9, 0x9A, 0x87, 0xAA, 0x00, 0x99
    db 0x87, 0xAA, 0x04, 0xA6, 0x64, 0x44, 0x44, 0xA6, 0x8E, 0x44, 0x00, 0x6A, 0x85, 0x44, 0x05, 0x6A
    db 0x84, 0x08, 0xA6, 0x46, 0x34, 0x86, 0x44, 0x83, 0x00, 0x0D, 0x34, 0x44, 0x44, 0x46, 0x06, 0x64
    db 0x44, 0x46, 0xA4, 0x63, 0x66, 0x6A, 0x99, 0x64, 0x83, 0x44, 0x00, 0x46, 0x86, 0x66, 0x01, 0x4A
    db 0x64, 0x84, 0x44, 0x00, 0xA4, 0x82, 0x44, 0x00, 0x6A, 0xAD, 0xAA, 0x04, 0xA6, 0x44, 0x44, 0x43
    db 0x6A, 0x8D, 0x44, 0x01, 0x43, 0x6A, 0x86, 0x44, 0x03, 0xAF, 0x86, 0x46, 0x43, 0x8E, 0x44, 0x09
    db 0x46, 0x06, 0x64, 0x44, 0x44, 0x66, 0x40, 0x06, 0x99, 0x96, 0x8D, 0x44, 0x00, 0xA6, 0x84, 0x44
    db 0x00, 0xA4, 0x82, 0x44, 0x00, 0x6A, 0xAD, 0xAA, 0x00, 0x64, 0x82, 0x44, 0x01, 0x36, 0x64, 0x8C
    db 0x44, 0x02, 0x4A, 0x9A, 0x64, 0x84, 0x44, 0x02, 0x40, 0x6A, 0xA0, 0x91, 0x44, 0x08, 0x06, 0x64
    db 0x44, 0x44, 0x46, 0xAA, 0xA9, 0x9A, 0x64, 0x8C, 0x44, 0x01, 0x40, 0xA6, 0x84, 0x44, 0x00, 0xA4
    db 0x82, 0x44, 0x00, 0x6A, 0xAC, 0xAA, 0x00, 0xA6, 0x83, 0x44, 0x07, 0x4A, 0x64, 0x46, 0x64, 0x44
    db 0x46, 0x66, 0x64, 0x84, 0x44, 0x04, 0x46, 0x66, 0x69, 0x96, 0x46, 0x84, 0x66, 0x0C, 0x44, 0x36
    db 0x44, 0x44, 0x66, 0x66, 0x64, 0x46, 0x66, 0x66, 0x64, 0x66, 0x66, 0x82, 0x44, 0x05, 0x46, 0x66
    db 0x66, 0x46, 0x66, 0xAA, 0x82, 0x66, 0x02, 0x44, 0x66, 0x99, 0x83, 0x66, 0x00, 0x46, 0x82, 0x66
    db 0x02, 0x46, 0x66, 0x64, 0x82, 0x44, 0x02, 0x46, 0x66, 0xAA, 0x82, 0x66, 0x08, 0x44, 0x44, 0xA4
    db 0x44, 0x44, 0x46, 0xA9, 0xAA, 0x6A, 0x84, 0xAA, 0x02, 0x6A, 0x9A, 0xA9, 0x84, 0xAA, 0x00, 0xA9
    db 0x85, 0xAA, 0x00, 0x9A, 0x95, 0xAA, 0x00, 0xA6, 0x84, 0x44, 0x06, 0xA6, 0x36, 0x96, 0x44, 0x3A
    db 0x9A, 0x66, 0x84, 0x44, 0x17, 0x6A, 0x9A, 0x49, 0xA6, 0xA9, 0xA9, 0xA6, 0x99, 0x99, 0xA6, 0x44
    db 0x43, 0x34, 0x43, 0xA9, 0x99, 0xA6, 0x3A, 0x9A, 0x99, 0xA3, 0x69, 0x9A, 0x64, 0x82, 0x44, 0x15
    db 0x99, 0xA6, 0x36, 0x9A, 0x99, 0x64, 0x99, 0x96, 0x44, 0x44, 0x66, 0x43, 0x69, 0xA9, 0x9A, 0x44
    db 0x99, 0x99, 0xA6, 0x3A, 0x99, 0x64, 0x82, 0x44, 0x27, 0x4A, 0x99, 0x9A, 0x6A, 0x99, 0xA6, 0x44
    db 0x44, 0xA4, 0x44, 0x44, 0x6A, 0x96, 0x99, 0x66, 0x9A, 0x69, 0xA6, 0x69, 0x99, 0xA6, 0xA9, 0xA6
    db 0x9A, 0x66, 0x99, 0xAA, 0x6A, 0x9A, 0x99, 0x66, 0xA9, 0x9A, 0xA6, 0x99, 0xA9, 0x9A, 0xA9, 0xAA
    db 0x9A, 0x91, 0xAA, 0x00, 0x64, 0x83, 0x44, 0x07, 0x43, 0x66, 0x49, 0x9A, 0x60, 0xAA, 0x3A, 0x96
    db 0x82, 0x44, 0x0B, 0x46, 0x66, 0x6A, 0x9A, 0x39, 0xA6, 0x36, 0x9A, 0x46, 0xAA, 0xA6, 0x96, 0x83
    db 0x44, 0x14, 0x49, 0x63, 0xAA, 0x4A, 0x69, 0xAA, 0xA4, 0xAA, 0x69, 0xA6, 0x44, 0x44, 0x3A, 0xA4
    db 0xA9, 0x63, 0x9A, 0x3A, 0x96, 0x69, 0x64, 0x83, 0x44, 0x09, 0x3A, 0x93, 0x69, 0x64, 0x6A, 0xA6
    db 0x93, 0x69, 0x6A, 0x96, 0x82, 0x44, 0x27, 0x69, 0xA3, 0xAA, 0x64, 0xAA, 0x46, 0x44, 0x44, 0xA4
    db 0x44, 0x43, 0x69, 0x64, 0x66, 0x46, 0x9A, 0x49, 0xA6, 0x49, 0xAA, 0xA4, 0x69, 0x64, 0x96, 0x46
    db 0x99, 0x94, 0x6A, 0xA6, 0x66, 0x64, 0x4A, 0x96, 0x63, 0xAA, 0x64, 0x64, 0x69, 0x66, 0x96, 0x91
    db 0x66, 0x85, 0x44, 0x15, 0x46, 0xA9, 0x99, 0x66, 0x94, 0x04, 0x66, 0x44, 0x44, 0x6A, 0xAA, 0x9A
    db 0xAA, 0x9A, 0x09, 0xA6, 0x04, 0x9A, 0x44, 0x3A, 0x96, 0x66, 0x83, 0x44, 0x14, 0x39, 0xA0, 0xA9
    db 0x64, 0x39, 0xA4, 0x64, 0x9A, 0x66, 0x66, 0x44, 0x44, 0x49, 0x96, 0x46, 0x60, 0xAA, 0x06, 0x96
    db 0x69, 0x64, 0x82, 0x44, 0x12, 0x46, 0x06, 0x93, 0x69, 0xA4, 0x0A, 0x96, 0x60, 0xA9, 0x64, 0x66
    db 0x44, 0x44, 0x43, 0xAA, 0x40, 0x6A, 0xA3, 0xAA, 0x82, 0x44, 0x1F, 0xA4, 0x44, 0x40, 0x69, 0x64
    db 0x30, 0x34, 0x9A, 0xA9, 0xA4, 0x69, 0x6A, 0xA4, 0x69, 0xAA, 0xA6, 0x3A, 0xA6, 0xA6, 0x69, 0x64
    db 0x30, 0x44, 0x0A, 0x96, 0x30, 0xA9, 0xA6, 0x30, 0x69, 0xAA, 0xA6, 0x97, 0x44, 0x15, 0x34, 0x9A
    db 0x69, 0x66, 0x94, 0x63, 0x04, 0x44, 0x6A, 0xA6, 0x66, 0x66, 0xA9, 0x99, 0xA9, 0xA6, 0x44, 0x9A
    db 0x64, 0x0A, 0x96, 0x34, 0x83, 0x44, 0x08, 0x49, 0x9A, 0xA6, 0x63, 0x09, 0xA4, 0x63, 0xA9, 0xA4
    db 0x82, 0x44, 0x08, 0x06, 0x99, 0x64, 0x43, 0xA9, 0xAA, 0x64, 0x69, 0xA4, 0x83, 0x44, 0x08, 0x4A
    db 0x9A, 0xAA, 0x64, 0x0A, 0x96, 0x34, 0x69, 0x96, 0x82, 0x44, 0x28, 0x40, 0xAA, 0x44, 0x36, 0x60
    db 0xA9, 0x64, 0x44, 0x44, 0xA4, 0x44, 0x43, 0x69, 0xA4, 0x66, 0x44, 0x9A, 0xA9, 0xA3, 0xA9, 0xAA
    db 0x96, 0x69, 0x69, 0xA6, 0x39, 0x9A, 0x96, 0x69, 0x64, 0x66, 0x46, 0x0A, 0x96, 0x40, 0xA9, 0x66
    db 0x60, 0x69, 0x69, 0xA6, 0x97, 0x44, 0x14, 0x34, 0x9A, 0xA9, 0x66, 0x96, 0x46, 0x64, 0x43, 0x36
    db 0x64, 0x33, 0x00, 0x6A, 0x9A, 0xA9, 0xA6, 0x34, 0x9A, 0x44, 0x0A, 0x96, 0x84, 0x44, 0x15, 0x39
    db 0xA6, 0x43, 0x44, 0x39, 0xA6, 0x44, 0x44, 0xA9, 0xA6, 0x44, 0x44, 0x30, 0x4A, 0x9A, 0x60, 0xAA
    db 0x66, 0x43, 0x69, 0xA6, 0xA6, 0x82, 0x44, 0x34, 0x4A, 0x96, 0x64, 0x46, 0x0A, 0x96, 0x44, 0x34
    db 0xA9, 0xA6, 0x44, 0x44, 0x43, 0xA9, 0x64, 0x66, 0x40, 0xA9, 0x66, 0x66, 0x44, 0xA4, 0x44, 0x44
    db 0x4A, 0xA6, 0xAA, 0x64, 0x96, 0x49, 0xA6, 0xAA, 0x66, 0x96, 0x69, 0x4A, 0x94, 0x69, 0xA6, 0x6A
    db 0x6A, 0xA6, 0xAA, 0x64, 0x0A, 0x96, 0x40, 0xA9, 0x46, 0xA3, 0x69, 0x4A, 0x96, 0x97, 0x44, 0x15
    db 0x36, 0x96, 0x6A, 0xA6, 0x9A, 0x6A, 0xA6, 0x43, 0x00, 0x44, 0x46, 0x43, 0x06, 0x96, 0x39, 0xA6
    db 0x66, 0x9A, 0x66, 0x6A, 0x96, 0x64, 0x83, 0x44, 0x4E, 0x39, 0x63, 0x34, 0x44, 0x09, 0xA6, 0x46
    db 0x64, 0x69, 0xA6, 0x44, 0x44, 0x46, 0x44, 0x99, 0x60, 0xAA, 0x00, 0x43, 0x69, 0x64, 0x9A, 0x64
    db 0x44, 0x44, 0x4A, 0x93, 0x04, 0x46, 0x06, 0x96, 0x43, 0x66, 0x4A, 0x96, 0x44, 0x44, 0x40, 0x69
    db 0x66, 0xAA, 0x60, 0xA9, 0x46, 0xAA, 0x64, 0xA4, 0x44, 0x44, 0x36, 0x99, 0x99, 0x66, 0x96, 0x39
    db 0xA9, 0x96, 0x00, 0x99, 0xA9, 0x63, 0xAA, 0x99, 0x40, 0x09, 0xA6, 0x99, 0x9A, 0x66, 0x69, 0x9A
    db 0x66, 0x99, 0xA9, 0x96, 0xA9, 0xA3, 0xA9, 0x64, 0x96, 0x44, 0x06, 0x49, 0xA4, 0x04, 0x96, 0x69
    db 0x99, 0xA6, 0x83, 0x44, 0x0A, 0x46, 0x04, 0x96, 0x09, 0x96, 0x69, 0x99, 0xA6, 0x69, 0x9A, 0x64
    db 0x82, 0x44, 0x4F, 0x43, 0x69, 0x9A, 0x64, 0x46, 0xA9, 0x9A, 0x60, 0xA9, 0xA9, 0xA6, 0x44, 0x44
    db 0x3A, 0x96, 0xAA, 0x66, 0x99, 0xA6, 0x44, 0xA9, 0xAA, 0x9A, 0x64, 0x44, 0x46, 0x69, 0x9A, 0x64
    db 0x44, 0x49, 0x9A, 0x64, 0x69, 0xAA, 0xA6, 0x44, 0x44, 0x43, 0x06, 0x99, 0x9A, 0x66, 0x99, 0xAA
    db 0x9A, 0x64, 0xA4, 0x44, 0x44, 0x43, 0x66, 0x66, 0x63, 0x66, 0x4A, 0x66, 0xA6, 0x43, 0x66, 0xAA
    db 0xA4, 0x46, 0x6A, 0x64, 0x0A, 0xA4, 0x66, 0x64, 0x46, 0x66, 0x6A, 0x6A, 0x66, 0xA6, 0xAA, 0xA6
    db 0xA4, 0x46, 0x64, 0x96, 0x44, 0x06, 0x06, 0xA6, 0x43, 0xAA, 0x36, 0x66, 0x66, 0x84, 0x44, 0x09
    db 0x43, 0x66, 0x4A, 0x64, 0x36, 0x66, 0xA6, 0x46, 0x6A, 0x64, 0x82, 0x44, 0x0A, 0x43, 0x66, 0xAA
    db 0x64, 0x46, 0x66, 0x6A, 0x60, 0x46, 0x66, 0x66, 0x82, 0x44, 0x05, 0x66, 0xAA, 0x46, 0x66, 0xA6
    db 0x44, 0x82, 0x66, 0x0C, 0x64, 0x44, 0x46, 0xA6, 0x6A, 0x64, 0x43, 0x46, 0x66, 0xA6, 0x36, 0x66
    db 0xA6, 0x82, 0x44, 0x08, 0x33, 0x66, 0xAA, 0x46, 0x66, 0x66, 0x6A, 0x64, 0xA4, 0x82, 0x44, 0x1C
    db 0x00, 0x04, 0x40, 0x06, 0x63, 0x03, 0x36, 0x43, 0x00, 0x46, 0x64, 0x30, 0x06, 0x64, 0x03, 0x66
    db 0x00, 0x04, 0x64, 0x30, 0x03, 0x66, 0x00, 0x30, 0x46, 0x40, 0x66, 0x30, 0x64, 0x96, 0x44, 0x05
    db 0x00, 0x46, 0x40, 0x46, 0x40, 0x00, 0x85, 0x44, 0x09, 0x40, 0x06, 0x63, 0x04, 0x40, 0x00, 0x44
    db 0x30, 0x04, 0x64, 0x83, 0x44, 0x08, 0x00, 0x46, 0x64, 0x44, 0x00, 0x06, 0x64, 0x00, 0x00, 0x83
    db 0x44, 0x15, 0x00, 0x66, 0x43, 0x00, 0x46, 0x44, 0x00, 0x00, 0x03, 0x44, 0x44, 0x46, 0x40, 0x06
    db 0x64, 0x44, 0x00, 0x03, 0x64, 0x40, 0x00, 0x64, 0x82, 0x44, 0x08, 0x64, 0x00, 0x66, 0x40, 0x00
    db 0x00, 0x06, 0x44, 0xA4, 0xFE, 0x44, 0x00, 0xA4, 0xFE, 0x44, 0x00, 0xA4, 0xFE, 0x44, 0x00, 0xA4
    db 0xFE, 0x44, 0x00, 0xA4, 0xFE, 0x44, 0x00, 0xA4, 0xFE, 0x44, 0x00, 0xA4, 0xFE, 0x44, 0x00, 0xA4
    db 0xFE, 0x44, 0x00, 0xA4, 0xFE, 0x44, 0x00, 0xA4, 0xFE, 0x44, 0x00, 0xA4, 0xFE, 0x44, 0x00, 0xA4
    db 0xFE, 0x44, 0x00, 0xA4, 0xFE, 0x44, 0x00, 0xA4, 0xFE, 0x44, 0x00, 0xA4, 0xFE, 0x44, 0x00, 0xA4
    db 0xFE, 0x44, 0x00, 0xA4, 0xFE, 0x44, 0x00, 0xA4, 0xFE, 0x44, 0x00, 0xA4, 0xFE, 0x44, 0x00, 0xA4
    db 0xFE, 0x44, 0x00, 0xA4, 0xFE, 0x44, 0x00, 0xA4, 0xFE, 0x44, 0x00, 0xA4, 0xFE, 0x44, 0x00, 0xA4
    db 0xFE, 0x44, 0x00, 0xA4, 0xFE, 0x44, 0x00, 0xA4, 0xFE, 0x44, 0x00, 0xA4, 0xFE, 0x44, 0x00, 0xA4
    db 0xFE, 0x44, 0x00, 0xA4, 0xFE, 0x44, 0x00, 0xA4, 0xFE, 0x44, 0x00, 0xA4, 0xFE, 0x44, 0x00, 0xA4
    db 0xFE, 0x44, 0x00, 0xA4, 0xFE, 0x44, 0x00, 0xA4, 0xFE, 0x44, 0x00, 0xA4, 0xFE, 0x44, 0x00, 0xA4
    db 0xFE, 0x44, 0x00, 0xA4, 0xFE, 0x44, 0x00, 0xA4, 0xFE, 0x44, 0x00, 0xA4, 0xFE, 0x44, 0x00, 0xA4
    db 0xFE, 0x44, 0x00, 0xA4, 0xFE, 0x44, 0x00, 0xA4, 0xFE, 0x44, 0x00, 0xA4, 0xFE, 0x44, 0x00, 0xA4
    db 0xFE, 0x44, 0x00, 0xA4, 0xFE, 0x44, 0x00, 0xA4, 0xFE, 0x44, 0x00, 0xA4, 0xFE, 0x44, 0x00, 0xA4
    db 0xFE, 0x44, 0x00, 0xA4, 0xFE, 0x44, 0x00, 0xA4, 0xFE, 0x44, 0x00, 0xA4, 0xFE, 0x44, 0x00, 0xA4
    db 0xFE, 0x44, 0x00, 0xA4, 0xFE, 0x44, 0x00, 0xA4, 0xFE, 0x44, 0x00, 0xA4, 0xFE, 0x44, 0x00, 0xA4
    db 0xFE, 0x44, 0x00, 0xA4, 0xFE, 0x44, 0x00, 0xA4, 0xFE, 0x44, 0x00, 0xA4, 0xFE, 0x44, 0x00, 0xA4
    db 0xFE, 0x44, 0x00, 0xA6, 0xFE, 0x66, 0xFF, 0x99
BgRleEnd:
